scenario_id,description,n,p99_median,p99_mean,p99_std,p99_min,p99_max,mean_median,mean_mean,actual_rps_mean,error_rate_mean,cpu_avg_pct_mean,cpu_avg_pct_std,mem_avg_mb_mean,mem_avg_mb_std
s01-pbs-baseline-500rps,PBS Baseline 500 RPS,30,4.2793,4.2738,0.1017,4.0773,4.4381,0.9362,0.9358,499.81,0.0,1.7949,0.1145,55.8952,1.1886
s02-zta-naive-500rps,ZTA Naif 500 RPS,30,4.2951,4.2841,0.1157,3.9554,4.5354,0.9382,0.9369,499.81,0.0,1.7846,0.0934,55.8527,1.2101
s03-zta-cache-500rps,ZTA Cache 500 RPS,30,4.2166,4.2407,0.1216,4.0654,4.5172,0.9346,0.9348,499.81,0.0,1.7609,0.1263,55.2878,1.0827
s04-zta-naive-2000rps,ZTA Naif 2000 RPS,30,16.2428,16.155,1.7618,12.3702,18.4523,1.9106,1.8942,1999.6,0.0,5.9021,0.4285,55.376,1.0789
s05-zta-cache-2000rps,ZTA Cache 2000 RPS,30,16.7354,16.6152,1.7018,13.1621,19.538,1.9581,1.9259,1999.61,0.0,6.0217,0.3528,55.4442,1.14
s06-zta-cache-5000rps,ZTA Cache 5000 RPS,30,407.3802,407.6038,7.2791,394.1392,424.7547,212.9751,212.3228,4185.23,0.0,11.4199,0.6753,56.3538,0.9808
s07-zta-cache-fanout,ZTA Cache Fan-out,30,1322.4888,1320.8159,77.8511,1183.162,1439.4509,502.7707,595.5366,1725.18,0.0,10.3455,0.7466,61.954,0.2715
s08-zta-cache-mesh,ZTA Cache Mesh,30,499.2461,497.3643,17.4138,469.5564,530.0628,154.6841,171.8313,1477.97,0.0,8.9767,0.5982,61.5572,0.2007
s09-revocation-test,Revocation Test,30,4.2482,4.2615,0.1135,4.0696,4.4681,0.9374,0.9378,499.84,0.0071,1.7554,0.1175,56.0277,0.9532
s10-ttl-comparison,TTL Comparison (Static),30,1317.522,1323.9281,69.4525,1218.9296,1488.5098,545.3332,597.8269,1715.48,0.0,11.741,0.96,66.7763,2.2164
