scenario_id,repetition,ttl_type,rps_target,p99_ms,mean_ms,total_requests,error_rate_pct,hit_ratio_pct
s07-zta-cache-fanout,1,graph-aware,2000,1299.6512331899999,486.7976430314604,598314,0.0,
s07-zta-cache-fanout,10,graph-aware,2000,1348.0616851000002,711.9539305713938,431763,0.0,
s07-zta-cache-fanout,11,graph-aware,2000,1303.1230365500032,490.06843628711164,597486,0.0,
s07-zta-cache-fanout,12,graph-aware,2000,1345.1661153999999,715.2234271878169,429741,0.0,
s07-zta-cache-fanout,13,graph-aware,2000,1225.0657264399993,497.44906082357966,590205,0.0,
s07-zta-cache-fanout,14,graph-aware,2000,1378.4073086800001,714.6504567402349,430200,0.0,
s07-zta-cache-fanout,15,graph-aware,2000,1239.4304753999998,493.81689024020994,593781,0.0,
s07-zta-cache-fanout,16,graph-aware,2000,1370.8091028000001,708.787552115199,434163,0.0,
s07-zta-cache-fanout,17,graph-aware,2000,1183.1619755199997,502.932475649931,584877,0.0,
s07-zta-cache-fanout,18,graph-aware,2000,1275.3559047400004,490.132555207393,596208,0.0,
s07-zta-cache-fanout,19,graph-aware,2000,1413.6138326399994,713.6225938709257,431865,0.0,
s07-zta-cache-fanout,2,graph-aware,2000,1370.0953614000002,715.5064753013085,429375,0.0,
s07-zta-cache-fanout,20,graph-aware,2000,1272.6593111200016,488.0358310509143,597897,0.0,
s07-zta-cache-fanout,21,graph-aware,2000,1439.45086466,723.8972909268788,425082,0.0,
s07-zta-cache-fanout,22,graph-aware,2000,1267.48690625,485.38409499730136,603528,0.0,
s07-zta-cache-fanout,23,graph-aware,2000,1395.2699166999998,725.7404611442579,425283,0.0,
s07-zta-cache-fanout,24,graph-aware,2000,1318.05490012,502.6088450296487,579777,0.0,
s07-zta-cache-fanout,25,graph-aware,2000,1431.66453039,717.9417068232125,427632,0.0,
s07-zta-cache-fanout,26,graph-aware,2000,1421.461848039998,489.86820196411185,597804,0.0,
s07-zta-cache-fanout,27,graph-aware,2000,1357.6547990800002,714.0705551245894,429825,0.0,
s07-zta-cache-fanout,28,graph-aware,2000,1284.1756863599987,492.9417712586578,594894,0.0,
s07-zta-cache-fanout,29,graph-aware,2000,1326.9227357600003,696.1179941146569,440637,0.0,
s07-zta-cache-fanout,3,graph-aware,2000,1266.0291045200004,497.9913559952055,590613,0.0,
s07-zta-cache-fanout,30,graph-aware,2000,1190.1450806200003,477.2028274037224,610710,0.0,
s07-zta-cache-fanout,4,graph-aware,2000,1399.8168114,723.2797523967449,425121,0.0,
s07-zta-cache-fanout,5,graph-aware,2000,1196.0383064000005,488.6542719170844,599661,0.0,
s07-zta-cache-fanout,6,graph-aware,2000,1409.7227875,718.7776173807569,428331,0.0,
s07-zta-cache-fanout,7,graph-aware,2000,1239.1103331999998,486.6798523459513,600081,0.0,
s07-zta-cache-fanout,8,graph-aware,2000,1410.5270269200007,710.3600184766018,432657,0.0,
s07-zta-cache-fanout,9,graph-aware,2000,1246.3432133199976,485.60297723814006,600045,0.0,
s10-ttl-comparison,1,static,2000,1321.0366648800036,483.2472527997207,602349,0.0,0.0
s10-ttl-comparison,10,static,2000,1238.6019873399998,488.4825774285401,600240,0.0,0.0
s10-ttl-comparison,11,static,2000,1320.4034294,722.7028895170382,427932,0.0,0.0
s10-ttl-comparison,12,static,2000,1309.9059603599997,570.9285753436798,520989,0.0,0.0
s10-ttl-comparison,13,static,2000,1254.9923118200002,487.7289453919586,599238,0.0,0.0
s10-ttl-comparison,14,static,2000,1413.3906514199994,722.4020423128617,426939,0.0,0.0
s10-ttl-comparison,15,static,2000,1277.5811031799926,488.6947136395463,599994,0.0,0.0
s10-ttl-comparison,16,static,2000,1488.5098401500006,718.632542281211,427800,0.0,0.0
s10-ttl-comparison,17,static,2000,1220.1944717199995,494.22714950545816,591153,0.0,0.0
s10-ttl-comparison,18,static,2000,1381.9222327399998,713.886156706714,431703,0.0,0.0
s10-ttl-comparison,19,static,2000,1294.717785429999,497.7781549680089,590994,0.0,0.0
s10-ttl-comparison,2,static,2000,1266.1628683999961,484.55452157313994,603756,0.0,0.0
s10-ttl-comparison,20,static,2000,1239.492383,519.7379013853571,568476,0.0,0.0
s10-ttl-comparison,21,static,2000,1347.44658004,710.5990900372426,431307,0.0,0.0
s10-ttl-comparison,22,static,2000,1348.6867831499999,676.2452434027095,451590,0.0,0.0
s10-ttl-comparison,23,static,2000,1304.4192098999958,490.8688743260113,594531,0.0,0.0
s10-ttl-comparison,24,static,2000,1399.526856499999,716.2261353934163,430890,0.0,0.0
s10-ttl-comparison,25,static,2000,1270.1662783200006,497.9705894000908,590649,0.0,0.0
s10-ttl-comparison,26,static,2000,1370.6617934,721.2627077640501,426933,0.0,0.0
s10-ttl-comparison,27,static,2000,1294.167566009998,516.7554514855375,570780,0.0,0.0
s10-ttl-comparison,28,static,2000,1362.1524175000015,497.23452215495513,590910,0.0,0.0
s10-ttl-comparison,29,static,2000,1379.8141881600004,721.2496950487281,427455,0.0,0.0
s10-ttl-comparison,3,static,2000,1357.3819434399986,707.1179364671881,433542,0.0,0.0
s10-ttl-comparison,30,static,2000,1390.41325811,647.808666776822,467778,0.0,0.0
s10-ttl-comparison,4,static,2000,1221.1175956599996,488.21920568004157,600852,0.0,0.0
s10-ttl-comparison,5,static,2000,1314.6405003799875,716.8099065321562,429048,0.0,0.0
s10-ttl-comparison,6,static,2000,1278.9594338499999,498.26570516354644,589038,0.0,0.0
s10-ttl-comparison,7,static,2000,1395.3902235700004,716.6492746484513,429588,0.0,0.0
s10-ttl-comparison,8,static,2000,1218.9295531300002,493.436547918781,593412,0.0,0.0
s10-ttl-comparison,9,static,2000,1437.0565540199998,725.0837702121484,424452,0.0,0.0
