file,scenario_id,repetition,config,rps_target,topology,description,min_ms,mean_ms,p50_ms,p90_ms,p95_ms,p99_ms,p999_ms,max_ms,total_requests,actual_rps,error_rate_pct,iteration_p99_ms,revocations_triggered,revocation_fail_count,cache_hit_rate_value
s01-pbs-baseline-500rps-rep1-20260703-160025.json,s01-pbs-baseline-500rps,1,pbs,500,linear,PBS Baseline 500 RPS,0.611291,0.9167795312718763,0.776915,1.019116,1.6831645000000002,4.077302,6.620863890000057,18.992874,149991,499.8,0,104.6993865,,,
s01-pbs-baseline-500rps-rep10-20260704-063554.json,s01-pbs-baseline-500rps,10,pbs,500,linear,PBS Baseline 500 RPS,0.610922,0.9396704474164803,0.781674,1.11216,1.82292965,4.331321729999997,6.9285062650002525,11.507596,149990,499.8,0,104.8797727,,,
s01-pbs-baseline-500rps-rep11-20260704-081311.json,s01-pbs-baseline-500rps,11,pbs,500,linear,PBS Baseline 500 RPS,0.602128,0.9377543518144459,0.783886,1.094178,1.7803,4.37269980000002,6.92829359000003,11.959931,149991,499.8,0,104.92177540000002,,,
s01-pbs-baseline-500rps-rep12-20260704-095027.json,s01-pbs-baseline-500rps,12,pbs,500,linear,PBS Baseline 500 RPS,0.60851,0.9401576339738067,0.7828765,1.1108819999999995,1.808034949999997,4.322041079999996,6.943843982000141,10.369714,149992,499.8,0,104.90554337,,,
s01-pbs-baseline-500rps-rep13-20260704-112744.json,s01-pbs-baseline-500rps,13,pbs,500,linear,PBS Baseline 500 RPS,0.596595,0.9360872619455505,0.781078,1.0939180000000008,1.7950651999999987,4.348346239999981,6.920320472000298,12.700037,149993,499.81,0,104.91762439999997,,,
s01-pbs-baseline-500rps-rep14-20260704-130500.json,s01-pbs-baseline-500rps,14,pbs,500,linear,PBS Baseline 500 RPS,0.60846,0.9331967843247067,0.784955,1.0820096000000003,1.7573871000000003,4.175801840000016,6.899567875000014,11.605539,149994,499.8,0,104.77008542000003,,,
s01-pbs-baseline-500rps-rep15-20260704-144217.json,s01-pbs-baseline-500rps,15,pbs,500,linear,PBS Baseline 500 RPS,0.610925,0.9456399484112678,0.7882834999999999,1.1013209000000002,1.8132148000000001,4.425115610000014,7.002775728000075,14.596889,149994,499.81,0,104.96780389,,,
s01-pbs-baseline-500rps-rep16-20260704-161933.json,s01-pbs-baseline-500rps,16,pbs,500,linear,PBS Baseline 500 RPS,0.618527,0.9367724000680058,0.785266,1.0988159999999998,1.7726390499999891,4.235532669999995,6.71447293700004,13.380084,149992,499.8,0,104.84950804,,,
s01-pbs-baseline-500rps-rep17-20260704-175649.json,s01-pbs-baseline-500rps,17,pbs,500,linear,PBS Baseline 500 RPS,0.600871,0.934961498443224,0.784595,1.09137,1.7583915,4.157883800000016,6.949042420000047,28.925091,149991,499.8,0,104.76393470000001,,,
s01-pbs-baseline-500rps-rep18-20260704-193406.json,s01-pbs-baseline-500rps,18,pbs,500,linear,PBS Baseline 500 RPS,0.609871,0.9420909065029324,0.788655,1.0957011,1.7855941000000004,4.36092261000001,6.963400703000056,11.246596,149994,499.81,0,104.89687342000002,,,
s01-pbs-baseline-500rps-rep19-20260704-211123.json,s01-pbs-baseline-500rps,19,pbs,500,linear,PBS Baseline 500 RPS,0.619058,0.9341036561039572,0.786001,1.1056148000000001,1.7475287999999989,4.118709799999978,6.659904952000023,13.062931,149993,499.81,0,104.7097884,,,
s01-pbs-baseline-500rps-rep2-20260703-173742.json,s01-pbs-baseline-500rps,2,pbs,500,linear,PBS Baseline 500 RPS,0.613991,0.9311180171607952,0.781752,1.0473540000000021,1.7487893999999977,4.32018839999999,6.804259064000043,13.567996,149993,499.81,0,104.87150108,,,
s01-pbs-baseline-500rps-rep20-20260704-224839.json,s01-pbs-baseline-500rps,20,pbs,500,linear,PBS Baseline 500 RPS,0.60577,0.9376006197063722,0.783275,1.1214946999999993,1.7894948499999983,4.25831525999999,6.798669156000034,15.378042,149992,499.81,0,104.80944000999999,,,
s01-pbs-baseline-500rps-rep21-20260705-002556.json,s01-pbs-baseline-500rps,21,pbs,500,linear,PBS Baseline 500 RPS,0.590615,0.9317549842125977,0.781341,1.1069614000000036,1.7624705999999997,4.108302519999985,6.8065185520000515,10.929272,149993,499.81,0,104.72433548,,,
s01-pbs-baseline-500rps-rep22-20260705-020312.json,s01-pbs-baseline-500rps,22,pbs,500,linear,PBS Baseline 500 RPS,0.59894,0.9363740080536552,0.7863465000000001,1.1004335,1.7645767500000005,4.196713640000002,6.791584060000118,10.629807,149994,499.81,0,104.76955394000001,,,
s01-pbs-baseline-500rps-rep23-20260705-034029.json,s01-pbs-baseline-500rps,23,pbs,500,linear,PBS Baseline 500 RPS,0.595376,0.933318709075035,0.7824905,1.1073347000000002,1.764957,4.119847390000029,6.8560976040000545,14.753081,149994,499.81,0,104.69647276,,,
s01-pbs-baseline-500rps-rep24-20260705-051745.json,s01-pbs-baseline-500rps,24,pbs,500,linear,PBS Baseline 500 RPS,0.597194,0.9404812971432469,0.783608,1.0961348000000006,1.822818299999999,4.37634908,6.916045390000024,14.627271,149995,499.81,0,104.91584866,,,
s01-pbs-baseline-500rps-rep25-20260705-065501.json,s01-pbs-baseline-500rps,25,pbs,500,linear,PBS Baseline 500 RPS,0.601886,0.9456815303349602,0.78701,1.1522962999999995,1.8224434999999999,4.274552219999996,6.834997138000074,12.293873,149992,499.8,0,104.84066788,,,
s01-pbs-baseline-500rps-rep26-20260705-083217.json,s01-pbs-baseline-500rps,26,pbs,500,linear,PBS Baseline 500 RPS,0.611241,0.9374245988385974,0.7835535,1.1141015999999992,1.8052085999999998,4.223957399999995,6.573746794000058,11.621819,149992,499.8,0,104.84569863999998,,,
s01-pbs-baseline-500rps-rep27-20260705-100934.json,s01-pbs-baseline-500rps,27,pbs,500,linear,PBS Baseline 500 RPS,0.592047,0.9477291351996441,0.789316,1.1350074000000003,1.8350909999999994,4.374298439999991,6.961960368000205,12.244922,149993,499.81,0,104.93853915999999,,,
s01-pbs-baseline-500rps-rep28-20260705-114650.json,s01-pbs-baseline-500rps,28,pbs,500,linear,PBS Baseline 500 RPS,0.591488,0.9464074813259284,0.789163,1.141687,1.8162848000000003,4.346974230000003,6.736370773000081,12.536417,149994,499.81,0,104.88659279000002,,,
s01-pbs-baseline-500rps-rep29-20260705-132407.json,s01-pbs-baseline-500rps,29,pbs,500,linear,PBS Baseline 500 RPS,0.608708,0.9387860958517817,0.782743,1.1304089999999998,1.8015287499999983,4.284091209999998,6.975566304000165,12.034483,149992,499.8,0,104.83008256,,,
s01-pbs-baseline-500rps-rep3-20260703-191458.json,s01-pbs-baseline-500rps,3,pbs,500,linear,PBS Baseline 500 RPS,0.618246,0.9279055433017298,0.7825355,1.0515490000000012,1.7238371000000006,4.176494580000006,6.787128055000171,21.607722,149994,499.81,0,104.74724730000005,,,
s01-pbs-baseline-500rps-rep30-20260705-150123.json,s01-pbs-baseline-500rps,30,pbs,500,linear,PBS Baseline 500 RPS,0.601985,0.9396437452698275,0.786603,1.1293385000000002,1.79975235,4.229951970000001,6.7729135130000415,13.563508,149994,499.81,0,104.81067370000001,,,
s01-pbs-baseline-500rps-rep4-20260703-205215.json,s01-pbs-baseline-500rps,4,pbs,500,linear,PBS Baseline 500 RPS,0.602977,0.9194292482566032,0.771513,1.0223441000000015,1.6999555000000002,4.429667170000002,6.783534541000091,12.342296,149994,499.81,0,104.97084341000001,,,
s01-pbs-baseline-500rps-rep5-20260703-222932.json,s01-pbs-baseline-500rps,5,pbs,500,linear,PBS Baseline 500 RPS,0.623854,0.9357305425453296,0.783718,1.05916,1.7587981999999998,4.438105079999977,6.87306796000003,11.385839,149993,499.81,0,104.98478592,,,
s01-pbs-baseline-500rps-rep6-20260704-000648.json,s01-pbs-baseline-500rps,6,pbs,500,linear,PBS Baseline 500 RPS,0.612975,0.9293022862781039,0.780026,1.0458407000000003,1.7404804000000007,4.335166180000002,6.9061924000002985,12.928644,149994,499.81,0,104.8717319,,,
s01-pbs-baseline-500rps-rep7-20260704-014405.json,s01-pbs-baseline-500rps,7,pbs,500,linear,PBS Baseline 500 RPS,0.617973,0.9319535816404856,0.782265,1.0728920000000002,1.7490071999999994,4.251154759999997,6.97161564800001,18.327565,149993,499.81,0,104.82157535999995,,,
s01-pbs-baseline-500rps-rep8-20260704-032121.json,s01-pbs-baseline-500rps,8,pbs,500,linear,PBS Baseline 500 RPS,0.613159,0.9320491052396483,0.782463,1.069282,1.760621,4.216661800000003,6.758018470000013,27.597091,149991,499.8,0,104.81764840000001,,,
s01-pbs-baseline-500rps-rep9-20260704-045838.json,s01-pbs-baseline-500rps,9,pbs,500,linear,PBS Baseline 500 RPS,0.610852,0.9352697804830773,0.780461,1.0840464000000007,1.7977583999999998,4.328429639999983,6.873398016000458,11.745097,149993,499.81,0,104.87076195999998,,,
s02-zta-naive-500rps-rep1-20260703-160957.json,s02-zta-naive-500rps,1,zta-naive,500,linear,ZTA Naif 500 RPS,0.579747,0.909769963878072,0.7749265000000001,1.0053391999999994,1.666777999999997,3.9554472899999973,6.562086359000102,13.341105,149992,499.8,0,104.60321438,,,
s02-zta-naive-500rps-rep10-20260704-064526.json,s02-zta-naive-500rps,10,zta-naive,500,linear,ZTA Naif 500 RPS,0.606112,0.9430528737082913,0.7839309999999999,1.1041637000000009,1.8134056500000006,4.415786270000002,7.145227300000012,18.353219,149994,499.81,0,104.94306971,,,
s02-zta-naive-500rps-rep11-20260704-082242.json,s02-zta-naive-500rps,11,zta-naive,500,linear,ZTA Naif 500 RPS,0.610091,0.9372494943331143,0.783172,1.0774781000000002,1.77640515,4.371077580000012,7.160401049000001,13.515984,149994,499.81,0,104.88152464,,,
s02-zta-naive-500rps-rep12-20260704-095959.json,s02-zta-naive-500rps,12,zta-naive,500,linear,ZTA Naif 500 RPS,0.60458,0.939233268799214,0.788835,1.0925546000000006,1.7802429999999998,4.221518839999988,6.745710536000214,11.864443,149993,499.81,0,104.79974715999997,,,
s02-zta-naive-500rps-rep13-20260704-113715.json,s02-zta-naive-500rps,13,zta-naive,500,linear,ZTA Naif 500 RPS,0.613898,0.9331240913248864,0.78152,1.0835701999999998,1.781836999999998,4.23470776,6.732759441000041,12.446785,149992,499.81,0,104.81969729999999,,,
s02-zta-naive-500rps-rep14-20260704-131431.json,s02-zta-naive-500rps,14,zta-naive,500,linear,ZTA Naif 500 RPS,0.612026,0.9511354268637291,0.786565,1.1546449000000008,1.8530530000000003,4.427285130000003,7.143236723000005,11.914334,149994,499.81,0,104.96644602000002,,,
s02-zta-naive-500rps-rep15-20260704-145148.json,s02-zta-naive-500rps,15,zta-naive,500,linear,ZTA Naif 500 RPS,0.612515,0.9427592809445643,0.786459,1.0869663000000003,1.804644000000001,4.355485140000008,6.922478275000029,28.1528,149994,499.81,0,104.91537057000001,,,
s02-zta-naive-500rps-rep16-20260704-162905.json,s02-zta-naive-500rps,16,zta-naive,500,linear,ZTA Naif 500 RPS,0.574787,0.9295201959598809,0.782655,1.0711006000000003,1.7324021999999972,4.175061619999999,6.761276278000132,10.344673,149995,499.81,0,104.72430664000001,,,
s02-zta-naive-500rps-rep17-20260704-180621.json,s02-zta-naive-500rps,17,zta-naive,500,linear,ZTA Naif 500 RPS,0.605896,0.9441389630375253,0.7853535,1.1315997,1.8242394999999996,4.324569539999984,6.890709929000098,12.226322,149990,499.8,0,104.84781199,,,
s02-zta-naive-500rps-rep18-20260704-194338.json,s02-zta-naive-500rps,18,zta-naive,500,linear,ZTA Naif 500 RPS,0.60309,0.9428472169034533,0.787821,1.1124486000000002,1.7989821999999986,4.3031383999999875,6.891409304000255,10.396929,149993,499.81,0,104.88528939999999,,,
s02-zta-naive-500rps-rep19-20260704-212054.json,s02-zta-naive-500rps,19,zta-naive,500,linear,ZTA Naif 500 RPS,0.600445,0.9367656234749011,0.787089,1.0944177000000004,1.7695119499999983,4.206948059999974,6.692363172000157,12.304135,149990,499.8,0,104.77691488,,,
s02-zta-naive-500rps-rep2-20260703-174713.json,s02-zta-naive-500rps,2,zta-naive,500,linear,ZTA Naif 500 RPS,0.619957,0.9244518574943089,0.778363,1.0242087000000004,1.7226414000000003,4.298520470000012,6.880013329000049,13.780947,149994,499.81,0,104.86756284,,,
s02-zta-naive-500rps-rep20-20260704-225811.json,s02-zta-naive-500rps,20,zta-naive,500,linear,ZTA Naif 500 RPS,0.60942,0.9356742315641361,0.784306,1.0880800000000022,1.7803914,4.2407996399999925,6.616640960000218,19.030675,149993,499.81,0,104.83187668,,,
s02-zta-naive-500rps-rep21-20260705-003527.json,s02-zta-naive-500rps,21,zta-naive,500,linear,ZTA Naif 500 RPS,0.598997,0.9326989365841335,0.7841385000000001,1.0978026000000003,1.7726060500000003,4.131338410000001,6.731500721000039,9.999243,149994,499.81,0,104.70696985000001,,,
s02-zta-naive-500rps-rep22-20260705-021244.json,s02-zta-naive-500rps,22,zta-naive,500,linear,ZTA Naif 500 RPS,0.595386,0.9371549016620803,0.782423,1.1118654000000001,1.8035493999999992,4.195823519999999,6.842178992000015,12.436587,149993,499.81,0,104.78472799999999,,,
s02-zta-naive-500rps-rep23-20260705-035000.json,s02-zta-naive-500rps,23,zta-naive,500,linear,ZTA Naif 500 RPS,0.607607,0.9420075521287528,0.7830625,1.1359456000000017,1.828964050000001,4.2714190700000065,7.035245747000059,26.857102,149994,499.81,0,104.79005277,,,
s02-zta-naive-500rps-rep24-20260705-052716.json,s02-zta-naive-500rps,24,zta-naive,500,linear,ZTA Naif 500 RPS,0.60256,0.9332526161061961,0.783855,1.1063011999999992,1.773234849999995,4.073660779999996,6.916063839000097,26.09404,149992,499.8,0,104.63874996,,,
s02-zta-naive-500rps-rep25-20260705-070432.json,s02-zta-naive-500rps,25,zta-naive,500,linear,ZTA Naif 500 RPS,0.60469,0.9463457551701885,0.7894950000000001,1.1242748000000002,1.8213250000000003,4.2840994800000045,6.9581338160000215,11.864342,149994,499.81,0,104.87259454000001,,,
s02-zta-naive-500rps-rep26-20260705-084149.json,s02-zta-naive-500rps,26,zta-naive,500,linear,ZTA Naif 500 RPS,0.609051,0.9464204287904896,0.791831,1.1168319999999996,1.8177849999999987,4.292914979999998,6.854325262000068,12.138131,149987,499.79,0,104.9077662,,,
s02-zta-naive-500rps-rep27-20260705-101905.json,s02-zta-naive-500rps,27,zta-naive,500,linear,ZTA Naif 500 RPS,0.610143,0.9473811686945477,0.790625,1.1339550000000003,1.8009418,4.378513359999998,6.9877411120000765,11.895838,149993,499.8,0,104.96297228,,,
s02-zta-naive-500rps-rep28-20260705-115622.json,s02-zta-naive-500rps,28,zta-naive,500,linear,ZTA Naif 500 RPS,0.606344,0.9400422615504547,0.786789,1.1247171000000007,1.7953416000000002,4.246029940000012,6.801928187000058,11.548997,149994,499.81,0,104.82569791000002,,,
s02-zta-naive-500rps-rep29-20260705-133338.json,s02-zta-naive-500rps,29,zta-naive,500,linear,ZTA Naif 500 RPS,0.613928,0.9435115807660037,0.790846,1.118452,1.7896948999999982,4.29730528,6.871164100000019,11.614899,149995,499.81,0,104.83448498,,,
s02-zta-naive-500rps-rep3-20260703-192430.json,s02-zta-naive-500rps,3,zta-naive,500,linear,ZTA Naif 500 RPS,0.608075,0.9323976194263777,0.775981,1.0506548999999998,1.7718519,4.535408629999997,6.939333849000035,16.568552,149992,499.8,0,105.14211176999999,,,
s02-zta-naive-500rps-rep30-20260705-151054.json,s02-zta-naive-500rps,30,zta-naive,500,linear,ZTA Naif 500 RPS,0.609106,0.9470681761282127,0.784807,1.1574212000000013,1.8516431999999983,4.423079759999993,7.029069112000212,12.227344,149993,499.81,0,104.96348131999994,,,
s02-zta-naive-500rps-rep4-20260703-210147.json,s02-zta-naive-500rps,4,zta-naive,500,linear,ZTA Naif 500 RPS,0.596773,0.9194539846461564,0.772492,1.0226676000000006,1.708600699999999,4.37189848,6.848733556000033,20.575134,149995,499.81,0,104.8918429,,,
s02-zta-naive-500rps-rep5-20260703-223903.json,s02-zta-naive-500rps,5,zta-naive,500,linear,ZTA Naif 500 RPS,0.615651,0.9319582241408139,0.77969,1.0720698000000002,1.7615423999999997,4.326065459999993,7.026611100000204,12.830641,149995,499.81,0,104.88674,,,
s02-zta-naive-500rps-rep6-20260704-001620.json,s02-zta-naive-500rps,6,zta-naive,500,linear,ZTA Naif 500 RPS,0.601553,0.9385422934117374,0.780849,1.119376300000001,1.8171937500000006,4.308512070000005,6.765455778000102,10.449289,149994,499.81,0,104.83297614,,,
s02-zta-naive-500rps-rep7-20260704-015336.json,s02-zta-naive-500rps,7,zta-naive,500,linear,ZTA Naif 500 RPS,0.601915,0.9237778562723332,0.7767875,1.0590293,1.7257759999999998,4.203139789999996,6.836895005000009,11.660643,149992,499.8,0,104.78566312,,,
s02-zta-naive-500rps-rep8-20260704-033052.json,s02-zta-naive-500rps,8,zta-naive,500,linear,ZTA Naif 500 RPS,0.610925,0.9386726630908607,0.784747,1.0866352000000001,1.7819284999999996,4.246448279999995,7.017480503000021,28.291921,149990,499.8,0,104.83079076,,,
s02-zta-naive-500rps-rep9-20260704-050809.json,s02-zta-naive-500rps,9,zta-naive,500,linear,ZTA Naif 500 RPS,0.586246,0.9379534835227835,0.78244,1.0851358000000002,1.7691513999999995,4.4059604,7.082754688000126,10.466878,149995,499.81,0,104.93585768,,,
s03-zta-cache-500rps-rep1-20260703-161928.json,s03-zta-cache-500rps,1,zta-cache,500,linear,ZTA Cache 500 RPS,0.622454,0.9181602055723141,0.779257,1.019664,1.669066,4.086193300000003,6.660353330000027,17.634233,149991,499.8,0,104.71621610000001,,,
s03-zta-cache-500rps-rep10-20260704-065457.json,s03-zta-cache-500rps,10,zta-cache,500,linear,ZTA Cache 500 RPS,0.614522,0.9281135037468239,0.783785,1.071724,1.7224634000000019,4.065443390000009,6.878397421000101,12.150166,149994,499.81,0,104.64542139000001,,,
s03-zta-cache-500rps-rep11-20260704-083214.json,s03-zta-cache-500rps,11,zta-cache,500,linear,ZTA Cache 500 RPS,0.615811,0.9366903894996571,0.78542,1.0788170000000001,1.7634189999999994,4.305764239999999,6.929813676000068,12.356525,149995,499.81,0,104.8796574,,,
s03-zta-cache-500rps-rep12-20260704-100930.json,s03-zta-cache-500rps,12,zta-cache,500,linear,ZTA Cache 500 RPS,0.617748,0.9346998749691632,0.783533,1.0735156000000001,1.753342999999999,4.258095719999989,6.987908424000366,11.483912,149995,499.81,0,104.82749056,,,
s03-zta-cache-500rps-rep13-20260704-114646.json,s03-zta-cache-500rps,13,zta-cache,500,linear,ZTA Cache 500 RPS,0.620017,0.9320764990032974,0.784474,1.0883982,1.7637599999999982,4.120501059999998,6.776207374000259,11.797098,149995,499.81,0,104.7174289,,,
s03-zta-cache-500rps-rep14-20260704-132403.json,s03-zta-cache-500rps,14,zta-cache,500,linear,ZTA Cache 500 RPS,0.604879,0.9304275526094762,0.785477,1.0839700999999997,1.7468219999999943,4.107540239999998,6.708123436000032,10.740492,149992,499.8,0,104.73110194,,,
s03-zta-cache-500rps-rep15-20260704-150120.json,s03-zta-cache-500rps,15,zta-cache,500,linear,ZTA Cache 500 RPS,0.606604,0.9452968589039169,0.790828,1.1240105,1.8075484499999999,4.223041569999972,6.851827632000125,12.25384,149990,499.8,0,104.82283161999995,,,
s03-zta-cache-500rps-rep16-20260704-163836.json,s03-zta-cache-500rps,16,zta-cache,500,linear,ZTA Cache 500 RPS,0.611242,0.9322347586220592,0.783605,1.0916032000000013,1.7410063999999996,4.210144319999976,6.789651504000228,13.71024,149993,499.81,0,104.78041599999996,,,
s03-zta-cache-500rps-rep17-20260704-181553.json,s03-zta-cache-500rps,17,zta-cache,500,linear,ZTA Cache 500 RPS,0.599859,0.9388290359952428,0.785191,1.1092059999999997,1.7815215499999972,4.305427169999995,6.844693622000279,11.01805,149992,499.81,0,104.86786255,,,
s03-zta-cache-500rps-rep18-20260704-195309.json,s03-zta-cache-500rps,18,zta-cache,500,linear,ZTA Cache 500 RPS,0.60949,0.934748795990473,0.786518,1.0925908000000002,1.7578693999999997,4.138194679999988,6.651448944000503,10.913623,149993,499.81,0,104.7499544,,,
s03-zta-cache-500rps-rep19-20260704-213026.json,s03-zta-cache-500rps,19,zta-cache,500,linear,ZTA Cache 500 RPS,0.613968,0.9400557640023279,0.789669,1.1143194000000005,1.7719254,4.13028932,6.8106739040000415,10.567535,149993,499.81,0,104.7523972,,,
s03-zta-cache-500rps-rep2-20260703-175645.json,s03-zta-cache-500rps,2,zta-cache,500,linear,ZTA Cache 500 RPS,0.601955,0.9291662546701928,0.78218,1.0704585000000004,1.7447265000000003,4.129432020000002,6.720177375000095,9.949973,149994,499.81,0,104.73259114000001,,,
s03-zta-cache-500rps-rep20-20260704-230742.json,s03-zta-cache-500rps,20,zta-cache,500,linear,ZTA Cache 500 RPS,0.606601,0.9399142762414118,0.7847385,1.1104223,1.7993151499999989,4.288819529999987,6.857335681000229,10.814389,149992,499.8,0,104.89329642999998,,,
s03-zta-cache-500rps-rep21-20260705-004458.json,s03-zta-cache-500rps,21,zta-cache,500,linear,ZTA Cache 500 RPS,0.60438,0.934384898789277,0.784702,1.0958981,1.781868,4.15237948000002,6.66381996900013,10.60911,149994,499.81,0,104.77546667,,,
s03-zta-cache-500rps-rep22-20260705-022215.json,s03-zta-cache-500rps,22,zta-cache,500,linear,ZTA Cache 500 RPS,0.60883,0.9390082200213303,0.784732,1.1182878000000003,1.8131322999999995,4.1464469799999994,6.92851240700014,12.655655,149990,499.8,0,104.78784229,,,
s03-zta-cache-500rps-rep23-20260705-035932.json,s03-zta-cache-500rps,23,zta-cache,500,linear,ZTA Cache 500 RPS,0.601156,0.9333440953450683,0.782501,1.0958679999999998,1.7832284999999963,4.143478949999995,6.713824006000267,11.779626,149992,499.81,0,104.72748517,,,
s03-zta-cache-500rps-rep24-20260705-053648.json,s03-zta-cache-500rps,24,zta-cache,500,linear,ZTA Cache 500 RPS,0.60488,0.9381583454297103,0.7870515,1.0975468000000004,1.783737649999999,4.173726399999998,6.911982228000021,28.252292,149990,499.8,0,104.74547736,,,
s03-zta-cache-500rps-rep25-20260705-071404.json,s03-zta-cache-500rps,25,zta-cache,500,linear,ZTA Cache 500 RPS,0.579003,0.9424688817203484,0.7860085,1.1182449999999997,1.804916,4.326578,6.896669193000031,15.002118,149992,499.8,0,104.84967551999999,,,
s03-zta-cache-500rps-rep26-20260705-085120.json,s03-zta-cache-500rps,26,zta-cache,500,linear,ZTA Cache 500 RPS,0.607977,0.939490779276383,0.788734,1.1216398,1.7874467999999997,4.178784959999975,6.713549112000227,11.166377,149993,499.81,0,104.76374607999995,,,
s03-zta-cache-500rps-rep27-20260705-102837.json,s03-zta-cache-500rps,27,zta-cache,500,linear,ZTA Cache 500 RPS,0.605374,0.9504482763995752,0.790049,1.1221736000000002,1.8391891999999996,4.517243639999995,7.1138092160000665,11.44018,149993,499.81,0,105.04788143999998,,,
s03-zta-cache-500rps-rep28-20260705-120553.json,s03-zta-cache-500rps,28,zta-cache,500,linear,ZTA Cache 500 RPS,0.603616,0.9348104489312901,0.78719,1.1022502000000007,1.7666835,4.118816270000003,6.708094996000178,10.795573,149994,499.81,0,104.70262819000001,,,
s03-zta-cache-500rps-rep29-20260705-134309.json,s03-zta-cache-500rps,29,zta-cache,500,linear,ZTA Cache 500 RPS,0.60837,0.9442942999186487,0.788486,1.1261584000000002,1.82476305,4.323578200000007,6.903060149000053,13.481059,149994,499.81,0,104.85606656,,,
s03-zta-cache-500rps-rep3-20260703-193401.json,s03-zta-cache-500rps,3,zta-cache,500,linear,ZTA Cache 500 RPS,0.605713,0.928226481709156,0.778167,1.045040000000001,1.7205725999999992,4.42433152,6.828608880000557,13.929298,149993,499.81,0,104.96640691999998,,,
s03-zta-cache-500rps-rep30-20260705-152026.json,s03-zta-cache-500rps,30,zta-cache,500,linear,ZTA Cache 500 RPS,0.59902,0.9433170678364801,0.785769,1.1271376000000006,1.8301013999999998,4.343022879999974,6.858123592000271,13.155908,149993,499.81,0,104.93273007999996,,,
s03-zta-cache-500rps-rep4-20260703-211118.json,s03-zta-cache-500rps,4,zta-cache,500,linear,ZTA Cache 500 RPS,0.6151,0.9275178023921672,0.778786,1.0380222000000006,1.7387338000000006,4.393975759999998,6.8336053760000075,10.840412,149989,499.79,0,104.96248768,,,
s03-zta-cache-500rps-rep5-20260703-224835.json,s03-zta-cache-500rps,5,zta-cache,500,linear,ZTA Cache 500 RPS,0.596875,0.9337134446940677,0.778538,1.0536694000000002,1.7640959999999999,4.494105319999981,7.026516176000112,11.69066,149993,499.81,0,105.06684396,,,
s03-zta-cache-500rps-rep6-20260704-002551.json,s03-zta-cache-500rps,6,zta-cache,500,linear,ZTA Cache 500 RPS,0.597947,0.9247659620784755,0.775228,1.0704050000000012,1.7473698000000002,4.230245880000012,6.650450891000055,12.232363,149994,499.81,0,104.76768779000001,,,
s03-zta-cache-500rps-rep7-20260704-020308.json,s03-zta-cache-500rps,7,zta-cache,500,linear,ZTA Cache 500 RPS,0.606254,0.9228568829478623,0.773807,1.0431626000000007,1.7209991999999994,4.314044799999989,6.935071752000706,12.298506,149993,499.81,0,104.87804108,,,
s03-zta-cache-500rps-rep8-20260704-034024.json,s03-zta-cache-500rps,8,zta-cache,500,linear,ZTA Cache 500 RPS,0.609672,0.9344478660146469,0.781153,1.0912997000000004,1.764914700000002,4.3670175200000045,6.827205229000034,11.96488,149994,499.81,0,104.90147393000002,,,
s03-zta-cache-500rps-rep9-20260704-051740.json,s03-zta-cache-500rps,9,zta-cache,500,linear,ZTA Cache 500 RPS,0.614228,0.9319482358812029,0.784637,1.0650858,1.7472889999999996,4.204243459999993,6.736185748000264,14.320187,149995,499.81,0,104.76976312,,,
s04-zta-naive-2000rps-rep1-20260703-162900.json,s04-zta-naive-2000rps,1,zta-naive,2000,linear,ZTA Naif 2000 RPS,0.560335,1.5619327841303179,0.926966,2.6374,4.84181,12.370188,25.426930000000713,77.504779,600001,1999.6,0,62.923642,,,
s04-zta-naive-2000rps-rep10-20260704-070428.json,s04-zta-naive-2000rps,10,zta-naive,2000,linear,ZTA Naif 2000 RPS,0.56551,1.8418779267694743,1.0513405,3.169601,5.832855,15.397765100000054,29.444113825000287,119.663654,599996,1999.64,0,65.97577615000002,,,
s04-zta-naive-2000rps-rep11-20260704-084145.json,s04-zta-naive-2000rps,11,zta-naive,2000,linear,ZTA Naif 2000 RPS,0.56561,1.8913245985748854,1.062684,3.2872305999999996,6.024797599999995,16.099680999999975,32.7734868920003,58.062892,599965,1999.54,0,66.74806935999999,,,
s04-zta-naive-2000rps-rep12-20260704-101902.json,s04-zta-naive-2000rps,12,zta-naive,2000,linear,ZTA Naif 2000 RPS,0.564576,1.867004805230326,1.082123,3.235532,5.814581,15.350564,29.509634000000226,52.508687,600001,1999.66,0,65.841044,,,
s04-zta-naive-2000rps-rep13-20260704-115618.json,s04-zta-naive-2000rps,13,zta-naive,2000,linear,ZTA Naif 2000 RPS,0.55087,1.8533650876067131,1.0796675,3.2025764000000008,5.653034400000002,14.931849640000003,31.46122703400034,61.279419,599988,1999.61,0,65.64431517999999,,,
s04-zta-naive-2000rps-rep14-20260704-133335.json,s04-zta-naive-2000rps,14,zta-naive,2000,linear,ZTA Naif 2000 RPS,0.55441,2.0030684235595326,1.092411,3.5377975,6.525493,17.52202210000007,32.671609835001135,64.645996,599996,1999.63,0,68.02031400000004,,,
s04-zta-naive-2000rps-rep15-20260704-151051.json,s04-zta-naive-2000rps,15,zta-naive,2000,linear,ZTA Naif 2000 RPS,0.570484,1.9249729416197006,1.0898,3.345349000000008,6.006237900000001,16.101656780000003,31.21546688200046,84.504995,599963,1999.53,0,66.64588002,,,
s04-zta-naive-2000rps-rep16-20260704-164808.json,s04-zta-naive-2000rps,16,zta-naive,2000,linear,ZTA Naif 2000 RPS,0.56669,2.047591358877763,1.100367,3.634636,6.745099,18.279397,33.387815000000366,58.361237,600001,1999.65,0,68.775277,,,
s04-zta-naive-2000rps-rep17-20260704-182524.json,s04-zta-naive-2000rps,17,zta-naive,2000,linear,ZTA Naif 2000 RPS,0.561948,2.008429995821596,1.096648,3.408866,6.375793,17.966151,36.444680000000325,75.150439,600001,1999.64,0,68.502296,,,
s04-zta-naive-2000rps-rep18-20260704-200241.json,s04-zta-naive-2000rps,18,zta-naive,2000,linear,ZTA Naif 2000 RPS,0.566597,2.0315658573061817,1.101791,3.4689910000000035,6.391353999999999,18.45226066000019,37.7097759500044,80.30015,599984,1999.6,0,68.99560999000003,,,
s04-zta-naive-2000rps-rep19-20260704-213957.json,s04-zta-naive-2000rps,19,zta-naive,2000,linear,ZTA Naif 2000 RPS,0.567128,1.8881196081358578,1.08025,3.097214,5.5623685,16.66284649999996,34.03491377000012,80.725214,599991,1999.62,0,67.1229175,,,
s04-zta-naive-2000rps-rep2-20260703-180616.json,s04-zta-naive-2000rps,2,zta-naive,2000,linear,ZTA Naif 2000 RPS,0.555847,1.586115592134361,0.9456385,2.6141740000000007,4.770690899999991,12.691205319999847,28.284705489000974,70.079868,599982,1999.6,0,63.28689923999998,,,
s04-zta-naive-2000rps-rep20-20260704-231714.json,s04-zta-naive-2000rps,20,zta-naive,2000,linear,ZTA Naif 2000 RPS,0.574737,1.991863239056975,1.1008695,3.3762251999999986,6.192404499999998,17.050913539999847,39.056254114001455,86.775737,599970,1999.56,0,67.60317705999996,,,
s04-zta-naive-2000rps-rep21-20260705-005430.json,s04-zta-naive-2000rps,21,zta-naive,2000,linear,ZTA Naif 2000 RPS,0.573653,2.0087726630187093,1.094414,3.4276114000000004,6.281979199999996,17.97366972,36.64407155200003,84.419694,599989,1999.61,0,68.47835951999998,,,
s04-zta-naive-2000rps-rep22-20260705-023146.json,s04-zta-naive-2000rps,22,zta-naive,2000,linear,ZTA Naif 2000 RPS,0.570267,1.9116029484082,1.094657,3.184195600000005,5.663774699999999,16.17997033999986,35.62012149400261,82.655145,599979,1999.59,0,66.66117879999999,,,
s04-zta-naive-2000rps-rep23-20260705-040903.json,s04-zta-naive-2000rps,23,zta-naive,2000,linear,ZTA Naif 2000 RPS,0.564077,1.9096461935186009,1.092828,3.2308777000000006,5.811053849999999,16.24659146999999,32.50997502000059,53.286344,599994,1999.63,0,66.78623332,,,
s04-zta-naive-2000rps-rep24-20260705-054619.json,s04-zta-naive-2000rps,24,zta-naive,2000,linear,ZTA Naif 2000 RPS,0.570524,2.124267435494144,1.126185,4.0333399000000005,6.9909467999999855,17.31050478999999,33.235386408000295,62.334932,599992,1999.61,0,67.93789551999994,,,
s04-zta-naive-2000rps-rep25-20260705-072335.json,s04-zta-naive-2000rps,25,zta-naive,2000,linear,ZTA Naif 2000 RPS,0.562341,2.0599502651434567,1.1084615,3.5874125,6.6605039999999995,18.217335450000014,35.394804030000415,64.057248,599996,1999.63,0,68.72295920000002,,,
s04-zta-naive-2000rps-rep26-20260705-090052.json,s04-zta-naive-2000rps,26,zta-naive,2000,linear,ZTA Naif 2000 RPS,0.576889,2.024296118854978,1.1198185,3.5232526999999996,6.448897449999985,17.26361583000001,33.125258388000304,61.719204,600000,1999.66,0,67.88192215000002,,,
s04-zta-naive-2000rps-rep27-20260705-103808.json,s04-zta-naive-2000rps,27,zta-naive,2000,linear,ZTA Naif 2000 RPS,0.566486,2.0593066639071655,1.105959,3.5395290000000066,6.640968099999996,18.40647287000002,35.9790762300008,81.161148,599962,1999.53,0,69.01980835000003,,,
s04-zta-naive-2000rps-rep28-20260705-121525.json,s04-zta-naive-2000rps,28,zta-naive,2000,linear,ZTA Naif 2000 RPS,0.56844,1.964786692507308,1.095778,3.304549000000003,6.169893650000007,17.12100202000005,32.31794290300004,58.903844,599998,1999.65,0,67.60893192000003,,,
s04-zta-naive-2000rps-rep29-20260705-135241.json,s04-zta-naive-2000rps,29,zta-naive,2000,linear,ZTA Naif 2000 RPS,0.562058,2.0657500491901364,1.108915,3.555740000000002,6.628333050000005,18.158962870000092,36.85429897600337,118.935631,599958,1999.51,0,68.70216316000015,,,
s04-zta-naive-2000rps-rep3-20260703-194333.json,s04-zta-naive-2000rps,3,zta-naive,2000,linear,ZTA Naif 2000 RPS,0.542084,1.6985678218751818,0.972539,2.9199067999999984,5.43472249999999,14.36914663999991,27.23282842000016,62.971681,599995,1999.64,0,64.94029701999992,,,
s04-zta-naive-2000rps-rep30-20260705-152957.json,s04-zta-naive-2000rps,30,zta-naive,2000,linear,ZTA Naif 2000 RPS,0.56692,1.931358303795496,1.083967,3.261671600000005,5.965627699999995,16.560916360000004,34.44880044000207,58.699804,599999,1999.65,0,67.11851470000002,,,
s04-zta-naive-2000rps-rep4-20260703-212050.json,s04-zta-naive-2000rps,4,zta-naive,2000,linear,ZTA Naif 2000 RPS,0.543769,1.6514164296273826,0.969142,2.8136196,5.25870739999998,13.531121840000038,25.935258232000667,44.344013,599985,1999.5,0,64.12426696000001,,,
s04-zta-naive-2000rps-rep5-20260703-225806.json,s04-zta-naive-2000rps,5,zta-naive,2000,linear,ZTA Naif 2000 RPS,0.543048,1.7130087964419707,1,2.9478850000000003,5.40264175,14.156883800000001,28.38462690500053,48.570252,599996,1999.64,0,64.72417985000001,,,
s04-zta-naive-2000rps-rep6-20260704-003523.json,s04-zta-naive-2000rps,6,zta-naive,2000,linear,ZTA Naif 2000 RPS,0.549861,1.6580365981790195,0.999108,2.813218,5.088582,13.114869,26.69812500000069,49.121453,600001,1999.66,0,63.628021,,,
s04-zta-naive-2000rps-rep7-20260704-021239.json,s04-zta-naive-2000rps,7,zta-naive,2000,linear,ZTA Naif 2000 RPS,0.569444,1.8854535729186757,1.025931,3.295575400000002,6.133664200000003,16.239041780000004,34.86440265600282,121.475497,599963,1999.52,0,66.73244426000001,,,
s04-zta-naive-2000rps-rep8-20260704-034955.json,s04-zta-naive-2000rps,8,zta-naive,2000,linear,ZTA Naif 2000 RPS,0.537567,1.8527610014366958,1.0380055000000001,3.3068744000000034,6.028512900000005,15.895498699999994,29.289910316000423,55.825218,599978,1999.58,0,66.47204299999997,,,
s04-zta-naive-2000rps-rep9-20260704-052712.json,s04-zta-naive-2000rps,9,zta-naive,2000,linear,ZTA Naif 2000 RPS,0.548016,1.8092044360566513,1.046465,3.1572785999999993,5.733286649999987,15.027292490000004,28.59714867200003,51.153,600000,1999.63,0,65.58771853,,,
s05-zta-cache-2000rps-rep1-20260703-163831.json,s05-zta-cache-2000rps,1,zta-cache,2000,linear,ZTA Cache 2000 RPS,0.537908,1.7075865047708505,0.947461,3.0336164000000005,5.729492999999993,14.243523280000023,26.658936800000127,50.72051,599997,1999.64,0,64.73822236,,,
s05-zta-cache-2000rps-rep10-20260704-071400.json,s05-zta-cache-2000rps,10,zta-cache,2000,linear,ZTA Cache 2000 RPS,0.555772,1.883581684069504,1.054495,3.3311410000000072,6.076327999999996,16.179264680000053,30.9887926820006,66.223304,599999,1999.65,0,66.60342492000001,,,
s05-zta-cache-2000rps-rep11-20260704-085117.json,s05-zta-cache-2000rps,11,zta-cache,2000,linear,ZTA Cache 2000 RPS,0.566877,1.915754646227257,1.073317,3.4303936000000017,6.215907000000001,16.124232159999977,28.764854176000245,59.176993,599953,1999.49,0,66.67982504,,,
s05-zta-cache-2000rps-rep12-20260704-102833.json,s05-zta-cache-2000rps,12,zta-cache,2000,linear,ZTA Cache 2000 RPS,0.555057,1.8222573962815525,1.067197,3.1596095999999996,5.543369999999998,14.770130120000003,29.497907560000755,65.681265,599985,1999.6,0,65.37561304000002,,,
s05-zta-cache-2000rps-rep13-20260704-120550.json,s05-zta-cache-2000rps,13,zta-cache,2000,linear,ZTA Cache 2000 RPS,0.548568,1.825512033753332,1.0725955,3.126171699999999,5.535034099999976,14.87528842000003,29.488497864000514,57.896711,600000,1999.66,0,65.4145206,,,
s05-zta-cache-2000rps-rep14-20260704-134306.json,s05-zta-cache-2000rps,14,zta-cache,2000,linear,ZTA Cache 2000 RPS,0.565966,2.0125905936139667,1.080488,3.483113,6.442664,18.216439,36.41003500000054,72.638408,600001,1999.66,0,68.745662,,,
s05-zta-cache-2000rps-rep15-20260704-152023.json,s05-zta-cache-2000rps,15,zta-cache,2000,linear,ZTA Cache 2000 RPS,0.563656,1.9150743646747586,1.077435,3.2900182,5.901367599999992,16.369290719999974,32.5951517040003,71.897412,599995,1999.63,0,66.90579287999986,,,
s05-zta-cache-2000rps-rep16-20260704-165739.json,s05-zta-cache-2000rps,16,zta-cache,2000,linear,ZTA Cache 2000 RPS,0.57193,2.1137659546396286,1.0886455000000002,3.7495183000000076,7.122630799999994,19.538021230000016,36.589635659002674,73.932681,599974,1999.56,0,70.03624077,,,
s05-zta-cache-2000rps-rep17-20260704-183456.json,s05-zta-cache-2000rps,17,zta-cache,2000,linear,ZTA Cache 2000 RPS,0.559075,1.9825672243755832,1.096973,3.403759800000001,6.311877900000001,17.261298859999975,32.553136182000166,61.178644,600003,1999.66,0,67.78925241999998,,,
s05-zta-cache-2000rps-rep18-20260704-201212.json,s05-zta-cache-2000rps,18,zta-cache,2000,linear,ZTA Cache 2000 RPS,0.573626,2.1121332652846583,1.1103835,3.7786914000000014,6.970185899999994,18.679557509999988,35.932402355000136,74.777296,599982,1999.59,0,69.17463912999997,,,
s05-zta-cache-2000rps-rep19-20260704-214929.json,s05-zta-cache-2000rps,19,zta-cache,2000,linear,ZTA Cache 2000 RPS,0.563023,1.9821596033040598,1.107127,3.431543,6.297735,16.77294,31.229087000002778,51.260825,600001,1999.66,0,67.254233,,,
s05-zta-cache-2000rps-rep2-20260703-181548.json,s05-zta-cache-2000rps,2,zta-cache,2000,linear,ZTA Cache 2000 RPS,0.558444,1.6295464307433325,0.950581,2.807688299999998,5.209691349999996,13.162101900000012,24.82346877300023,47.666708,600000,1999.66,0,63.75072986000001,,,
s05-zta-cache-2000rps-rep20-20260704-232645.json,s05-zta-cache-2000rps,20,zta-cache,2000,linear,ZTA Cache 2000 RPS,0.570336,1.9639927096681193,1.103603,3.3222329999999984,6.050569199999979,16.69794895999998,32.756126172001174,123.592619,599965,1999.54,0,67.2265462,,,
s05-zta-cache-2000rps-rep21-20260705-010402.json,s05-zta-cache-2000rps,21,zta-cache,2000,linear,ZTA Cache 2000 RPS,0.570214,2.0397794516990735,1.114676,3.5125220000000015,6.375152999999999,18.159730240000005,35.39822806600238,59.736631,599999,1999.65,0,68.67405046000005,,,
s05-zta-cache-2000rps-rep22-20260705-024118.json,s05-zta-cache-2000rps,22,zta-cache,2000,linear,ZTA Cache 2000 RPS,0.562592,1.9031605026317049,1.090083,3.272418,5.794808950000001,15.690903790000071,30.650731881000016,59.343438,599998,1999.56,0,66.21219974000003,,,
s05-zta-cache-2000rps-rep23-20260705-041835.json,s05-zta-cache-2000rps,23,zta-cache,2000,linear,ZTA Cache 2000 RPS,0.566269,1.9559885032284172,1.090938,3.3120244999999997,5.98653225,16.865451,37.12238832500014,78.203169,599976,1999.57,0,67.4924355,,,
s05-zta-cache-2000rps-rep24-20260705-055551.json,s05-zta-cache-2000rps,24,zta-cache,2000,linear,ZTA Cache 2000 RPS,0.572593,2.103057127431431,1.1128084999999999,3.7050448000000005,6.86572785,18.716697240000045,36.45602866400089,84.34108,599962,1999.52,0,69.28383192000004,,,
s05-zta-cache-2000rps-rep25-20260705-073307.json,s05-zta-cache-2000rps,25,zta-cache,2000,linear,ZTA Cache 2000 RPS,0.57353,2.029545820713681,1.102661,3.460531,6.382063,18.246192,36.13281600000059,64.637071,600001,1999.66,0,68.765622,,,
s05-zta-cache-2000rps-rep26-20260705-091024.json,s05-zta-cache-2000rps,26,zta-cache,2000,linear,ZTA Cache 2000 RPS,0.570288,2.0358324305392257,1.114423,3.520972,6.497694,17.919548,33.38897500000051,65.480699,600001,1999.65,0,68.46052,,,
s05-zta-cache-2000rps-rep27-20260705-104740.json,s05-zta-cache-2000rps,27,zta-cache,2000,linear,ZTA Cache 2000 RPS,0.567521,2.027073987073354,1.108402,3.5121390999999993,6.47775149999999,17.893803240000004,33.22512548800017,56.713136,600000,1999.65,0,68.3849139,,,
s05-zta-cache-2000rps-rep28-20260705-122456.json,s05-zta-cache-2000rps,28,zta-cache,2000,linear,ZTA Cache 2000 RPS,0.576067,2.1162333045449206,1.112981,3.606794900000004,6.742205949999994,19.381390070000005,41.113605263000856,93.44203,599974,1999.56,0,69.90387381000005,,,
s05-zta-cache-2000rps-rep29-20260705-140213.json,s05-zta-cache-2000rps,29,zta-cache,2000,linear,ZTA Cache 2000 RPS,0.558284,2.061932311121673,1.106076,3.5725278000000067,6.500140199999998,18.499014839999994,38.6858008360006,77.401368,599939,1999.44,0,69.0867275,,,
s05-zta-cache-2000rps-rep3-20260703-195305.json,s05-zta-cache-2000rps,3,zta-cache,2000,linear,ZTA Cache 2000 RPS,0.530441,1.7105998227486354,0.970813,2.990862,5.559138,14.308397,28.034301000000028,53.372137,600001,1999.66,0,64.828123,,,
s05-zta-cache-2000rps-rep30-20260705-153929.json,s05-zta-cache-2000rps,30,zta-cache,2000,linear,ZTA Cache 2000 RPS,0.551411,1.9651275706652183,1.0905735,3.4011620000000002,6.064974000000003,16.92600876000001,35.5998466580002,64.850269,599998,1999.63,0,67.45358381000001,,,
s05-zta-cache-2000rps-rep4-20260703-213021.json,s05-zta-cache-2000rps,4,zta-cache,2000,linear,ZTA Cache 2000 RPS,0.561567,1.6919965691463936,0.9878345,2.8797082000000014,5.291961949999988,14.261229399999994,27.81236670100092,50.370435,600002,1999.66,0,64.75535805999999,,,
s05-zta-cache-2000rps-rep5-20260703-230738.json,s05-zta-cache-2000rps,5,zta-cache,2000,linear,ZTA Cache 2000 RPS,0.558827,1.881689146147458,1.011762,3.4441282000000033,6.479828500000007,16.298451800000034,30.18830182800016,67.086657,599983,1999.6,0,66.85903678,,,
s05-zta-cache-2000rps-rep6-20260704-004454.json,s05-zta-cache-2000rps,6,zta-cache,2000,linear,ZTA Cache 2000 RPS,0.535701,1.7611523822146256,1.010592,3.0591589999999984,5.608302999999999,14.529521480000053,28.892722760000446,66.934295,599985,1999.6,0,65.13015820000005,,,
s05-zta-cache-2000rps-rep7-20260704-022211.json,s05-zta-cache-2000rps,7,zta-cache,2000,linear,ZTA Cache 2000 RPS,0.547123,1.9601606759039472,1.038754,3.657606,6.842334,17.065967,30.545006000001855,54.912578,600001,1999.66,0,67.511503,,,
s05-zta-cache-2000rps-rep8-20260704-035927.json,s05-zta-cache-2000rps,8,zta-cache,2000,linear,ZTA Cache 2000 RPS,0.545517,1.818404314634516,1.04262,3.218859,5.846923,15.067553,28.981648000000998,52.175488,600001,1999.66,0,65.560665,,,
s05-zta-cache-2000rps-rep9-20260704-053644.json,s05-zta-cache-2000rps,9,zta-cache,2000,linear,ZTA Cache 2000 RPS,0.540291,1.8472583041750668,1.051134,3.2037011999999994,5.92959735,15.734974400000004,30.51866961500046,63.556289,600000,1999.65,0,66.2018393,,,
s06-zta-cache-5000rps-rep1-20260703-164803.json,s06-zta-cache-5000rps,1,zta-cache,5000,linear,ZTA Cache 5000 RPS,0.868023,212.10066840988407,206.1723445,285.8337983,318.31601804999997,406.6092192699999,495.2075409680014,793.493253,1259660,4197.15,0,407.2942550499995,,,
s06-zta-cache-5000rps-rep10-20260704-072332.json,s06-zta-cache-5000rps,10,zta-cache,5000,linear,ZTA Cache 5000 RPS,1.18728,214.36459115067663,208.843462,289.3199181000001,323.3013956,414.3115227800001,508.3401843260054,755.643732,1248992,4160.79,0,414.75570494000016,,,
s06-zta-cache-5000rps-rep11-20260704-090048.json,s06-zta-cache-5000rps,11,zta-cache,5000,linear,ZTA Cache 5000 RPS,0.901674,213.674128611569,207.94451049999998,291.49810840000004,325.86380705,410.51929540999976,506.14195689100023,729.956307,1249080,4161.99,0,410.9035070699999,,,
s06-zta-cache-5000rps-rep12-20260704-103805.json,s06-zta-cache-5000rps,12,zta-cache,5000,linear,ZTA Cache 5000 RPS,1.060964,212.34502799402406,206.93353,287.5712198,319.7120272999999,404.7617603499999,513.7450583670226,676.724692,1255758,4184.03,0,405.9891033999999,,,
s06-zta-cache-5000rps-rep13-20260704-121521.json,s06-zta-cache-5000rps,13,zta-cache,5000,linear,ZTA Cache 5000 RPS,1.211342,208.44584801033105,202.80559599999998,283.9440744,318.11848729999986,402.01239841000006,493.61703079400064,660.179392,1270674,4233.55,0,403.3057210500001,,,
s06-zta-cache-5000rps-rep14-20260704-135238.json,s06-zta-cache-5000rps,14,zta-cache,5000,linear,ZTA Cache 5000 RPS,0.897015,213.9697809125202,208.446487,291.3855670000001,327.1818997,409.76671020000003,501.71188920200046,747.006234,1248875,4161.62,0,410.40654446,,,
s06-zta-cache-5000rps-rep15-20260704-152955.json,s06-zta-cache-5000rps,15,zta-cache,5000,linear,ZTA Cache 5000 RPS,1.219791,209.20863954927736,203.904677,284.550455,316.280234,397.8525088000004,490.9487884000401,715.596575,1267021,4221.57,0,398.20466680000004,,,
s06-zta-cache-5000rps-rep16-20260704-170711.json,s06-zta-cache-5000rps,16,zta-cache,5000,linear,ZTA Cache 5000 RPS,0.971769,208.93368852521488,202.954121,286.329701,320.49462275,400.75830940000014,488.45719995000167,661.628176,1268046,4223.86,0,402.1287548000003,,,
s06-zta-cache-5000rps-rep17-20260704-184428.json,s06-zta-cache-5000rps,17,zta-cache,5000,linear,ZTA Cache 5000 RPS,0.959662,214.433692237676,209.070056,289.2058886,322.55193600000007,404.16512444000034,495.70795315201053,735.135956,1249545,4162.87,0,404.82974604000003,,,
s06-zta-cache-5000rps-rep18-20260704-202144.json,s06-zta-cache-5000rps,18,zta-cache,5000,linear,ZTA Cache 5000 RPS,0.846645,212.86681347281208,207.050092,288.29930800000005,322.75332204999995,410.8519937300001,508.892366342002,801.169864,1254222,4178.13,0,411.24886594000003,,,
s06-zta-cache-5000rps-rep19-20260704-215901.json,s06-zta-cache-5000rps,19,zta-cache,5000,linear,ZTA Cache 5000 RPS,1.359265,209.5694666419648,204.724515,282.1291714000001,312.11436175,398.36828575999976,496.29840881100256,625.894912,1268732,4227.24,0,398.75188186999964,,,
s06-zta-cache-5000rps-rep2-20260703-182520.json,s06-zta-cache-5000rps,2,zta-cache,5000,linear,ZTA Cache 5000 RPS,0.789526,210.42209128963773,204.433865,286.36440120000003,320.46181379999996,411.0896891999998,496.499973932009,794.451267,1264237,4212.1,0,411.9888211599994,,,
s06-zta-cache-5000rps-rep20-20260704-233617.json,s06-zta-cache-5000rps,20,zta-cache,5000,linear,ZTA Cache 5000 RPS,0.978632,213.24783253178467,207.59425399999998,289.054332,323.0602045,412.51624824999993,517.7268616850004,690.441247,1252456,4172.96,0,412.7984197999998,,,
s06-zta-cache-5000rps-rep21-20260705-011334.json,s06-zta-cache-5000rps,21,zta-cache,5000,linear,ZTA Cache 5000 RPS,0.838988,213.15585455550863,208.060293,287.3926814000001,319.7641912,407.08102538,518.5094406960112,719.749465,1253075,4174.62,0,407.68313554,,,
s06-zta-cache-5000rps-rep22-20260705-025050.json,s06-zta-cache-5000rps,22,zta-cache,5000,linear,ZTA Cache 5000 RPS,0.851373,208.38153821258666,203.10983099999999,282.90237569999994,313.8267059,394.13922519,475.66067240300384,647.834899,1271464,4236.05,0,394.7988691299996,,,
s06-zta-cache-5000rps-rep23-20260705-042806.json,s06-zta-cache-5000rps,23,zta-cache,5000,linear,ZTA Cache 5000 RPS,0.915361,209.75256141377005,204.491598,284.139242,316.9543898,399.21936666000016,487.86308607800044,676.728387,1266215,4217.82,0,399.78494752,,,
s06-zta-cache-5000rps-rep24-20260705-060523.json,s06-zta-cache-5000rps,24,zta-cache,5000,linear,ZTA Cache 5000 RPS,0.722188,211.66918382058665,206.03495,287.388805,320.23153449999995,404.8858912,485.7120281300004,791.990055,1258111,4191.5,0,405.40336869999993,,,
s06-zta-cache-5000rps-rep25-20260705-074239.json,s06-zta-cache-5000rps,25,zta-cache,5000,linear,ZTA Cache 5000 RPS,1.234315,214.53707559674567,209.060445,289.85883620000004,324.9644786,417.33716095999995,526.9385582960005,777.722398,1247537,4155.94,0,417.8115443999999,,,
s06-zta-cache-5000rps-rep26-20260705-091956.json,s06-zta-cache-5000rps,26,zta-cache,5000,linear,ZTA Cache 5000 RPS,1.226942,215.05938525726881,209.293063,291.3528518000002,325.49383459999996,407.6793844400003,515.4086690800015,757.46607,1246097,4151.15,0,408.15096716000045,,,
s06-zta-cache-5000rps-rep27-20260705-105712.json,s06-zta-cache-5000rps,27,zta-cache,5000,linear,ZTA Cache 5000 RPS,0.973099,216.016997781062,209.9094075,292.84012800000005,328.5857764,416.28530889,513.6274398220005,741.258065,1243212,4141.39,0,416.8672081599996,,,
s06-zta-cache-5000rps-rep28-20260705-123428.json,s06-zta-cache-5000rps,28,zta-cache,5000,linear,ZTA Cache 5000 RPS,1.12179,214.66545182633973,208.595325,291.2627376,328.7732994,424.7546730799992,542.8384795040026,716.256917,1246513,4153.0,0,425.4028231599973,,,
s06-zta-cache-5000rps-rep29-20260705-141144.json,s06-zta-cache-5000rps,29,zta-cache,5000,linear,ZTA Cache 5000 RPS,1.283372,209.1558004017493,203.526037,284.1948086,317.53987705,402.36750443000005,499.5045013670026,657.594671,1268848,4226.06,0,403.41129890000025,,,
s06-zta-cache-5000rps-rep3-20260703-200237.json,s06-zta-cache-5000rps,3,zta-cache,5000,linear,ZTA Cache 5000 RPS,0.826546,212.3657842962829,206.711429,286.8346276,319.8624208,408.1050186800003,502.20454692800183,799.064549,1257845,4190.01,0,408.72280088,,,
s06-zta-cache-5000rps-rep30-20260705-154901.json,s06-zta-cache-5000rps,30,zta-cache,5000,linear,ZTA Cache 5000 RPS,0.87169,209.2238550797454,203.767595,284.521282,315.24522824999997,400.97190294999996,497.486631480004,745.657305,1269688,4230.0,0,401.97106380999827,,,
s06-zta-cache-5000rps-rep4-20260703-213953.json,s06-zta-cache-5000rps,4,zta-cache,5000,linear,ZTA Cache 5000 RPS,1.500075,212.5105138109549,206.897377,286.3953302,319.0991688,402.80324236000007,500.7206210920016,734.180214,1255725,4183.07,0,403.59365932000003,,,
s06-zta-cache-5000rps-rep5-20260703-231709.json,s06-zta-cache-5000rps,5,zta-cache,5000,linear,ZTA Cache 5000 RPS,0.804835,213.22015442321282,207.819874,289.50691240000003,321.2360784,400.84101387999993,502.22709884000017,648.154889,1252437,4171.82,0,401.5566009599989,,,
s06-zta-cache-5000rps-rep6-20260704-005426.json,s06-zta-cache-5000rps,6,zta-cache,5000,linear,ZTA Cache 5000 RPS,1.077905,214.53634307017688,208.557389,291.50518950000003,325.98806649999995,413.44670313999995,518.9792197850126,666.908713,1245952,4150.55,0,413.80677525999994,,,
s06-zta-cache-5000rps-rep7-20260704-023143.json,s06-zta-cache-5000rps,7,zta-cache,5000,linear,ZTA Cache 5000 RPS,1.32615,213.87775892997007,207.623564,291.16048920000003,328.71800805,421.53704920999996,545.7500037180032,777.781834,1250034,4164.61,0,422.33233410999986,,,
s06-zta-cache-5000rps-rep8-20260704-040859.json,s06-zta-cache-5000rps,8,zta-cache,5000,linear,ZTA Cache 5000 RPS,0.959211,214.890607598876,209.24397299999998,292.04260910000005,326.12284244999995,407.7327353199992,494.35192006700106,694.816556,1244762,4147.13,0,408.8970537299993,,,
s06-zta-cache-5000rps-rep9-20260704-054615.json,s06-zta-cache-5000rps,9,zta-cache,5000,linear,ZTA Cache 5000 RPS,1.041046,213.08333686804087,207.02775450000001,289.6066916000001,324.39274604999974,415.34456187999933,532.8408776470008,715.331672,1253188,4174.45,0,416.17682888999974,,,
s09-revocation-test-rep1-20260703-171639.json,s09-revocation-test,1,zta-cache,500,linear,Revocation Test,0.616223,0.9224978290856909,0.779768,1.0381050000000003,1.6918259999999938,4.129100799999981,6.7254027160000796,11.284549,150005,499.85,0.0073,104.73036735999996,11,11,
s09-revocation-test-rep10-20260704-075208.json,s09-revocation-test,10,zta-cache,500,linear,Revocation Test,0.617755,0.9326152650529311,0.7816460000000001,1.0760394000000002,1.76036185,4.24281688,6.916956607000018,13.96176,150004,499.84,0.0073,104.84386497000001,11,11,
s09-revocation-test-rep11-20260704-092924.json,s09-revocation-test,11,zta-cache,500,linear,Revocation Test,0.599073,0.9371860699110008,0.787142,1.0905802000000007,1.7713991999999992,4.208644559999986,6.791569612000029,12.30672,150005,499.85,0.0073,104.82471623999999,11,11,
s09-revocation-test-rep12-20260704-110641.json,s09-revocation-test,12,zta-cache,500,linear,Revocation Test,0.602025,0.9346460777907399,0.783979,1.1012030000000002,1.7769209999999975,4.1590533599999935,6.821822772000275,12.822365,150005,499.85,0.0073,104.75437716,11,11,
s09-revocation-test-rep13-20260704-124357.json,s09-revocation-test,13,zta-cache,500,linear,Revocation Test,0.61076,0.9407154651235553,0.784915,1.105978,1.793883,4.334605,6.904581000000155,11.788554,150001,499.84,0.0067,104.90998,10,10,
s09-revocation-test-rep14-20260704-142114.json,s09-revocation-test,14,zta-cache,500,linear,Revocation Test,0.597425,0.9286313229023619,0.7803715,1.0738748999999996,1.7451682999999996,4.135777949999993,6.863699487000069,27.846534,150002,499.84,0.0073,104.75370686999999,11,11,
s09-revocation-test-rep15-20260704-155830.json,s09-revocation-test,15,zta-cache,500,linear,Revocation Test,0.594863,0.9369245839349826,0.7813,1.1077812000000018,1.808586199999997,4.25344316000001,6.922921662000335,16.072427,150003,499.84,0.0073,104.85108614000004,11,11,
s09-revocation-test-rep16-20260704-173547.json,s09-revocation-test,16,zta-cache,500,linear,Revocation Test,0.607073,0.938975609839675,0.787392,1.1150280000000004,1.7851171999999993,4.177768759999997,6.759774948000038,14.44028,150005,499.85,0.0073,104.77670599999999,11,11,
s09-revocation-test-rep17-20260704-191303.json,s09-revocation-test,17,zta-cache,500,linear,Revocation Test,0.612735,0.9401957633780503,0.783562,1.1110234000000003,1.8111521999999998,4.29005394,6.875571220000351,15.269186,150003,499.84,0.0073,104.89026848,11,11,
s09-revocation-test-rep18-20260704-205020.json,s09-revocation-test,18,zta-cache,500,linear,Revocation Test,0.601112,0.9465413325755568,0.786701,1.1182942000000005,1.8276411999999962,4.425547679999988,6.814849608000008,12.251436,150005,499.84,0.0073,104.96370083999999,11,11,
s09-revocation-test-rep19-20260704-222736.json,s09-revocation-test,19,zta-cache,500,linear,Revocation Test,0.610239,0.9409231549358642,0.789794,1.0942423000000001,1.77456935,4.275257920000001,6.924415088000011,21.699564,150004,499.84,0.0067,104.83093591000001,10,10,
s09-revocation-test-rep2-20260703-185356.json,s09-revocation-test,2,zta-cache,500,linear,Revocation Test,0.616971,0.9174448377120783,0.777374,1.0285268,1.681612399999996,4.088578319999996,6.562310464000032,12.814799,150005,499.85,0.0067,104.67003744,10,10,
s09-revocation-test-rep20-20260705-000452.json,s09-revocation-test,20,zta-cache,500,linear,Revocation Test,0.606411,0.9386032862056977,0.786904,1.1084580000000006,1.782455600000001,4.170533580000001,6.789983949,12.128156,150004,499.85,0.0073,104.77548329,11,11,
s09-revocation-test-rep21-20260705-014209.json,s09-revocation-test,21,zta-cache,500,linear,Revocation Test,0.610652,0.932043164358893,0.781674,1.105888,1.757839,4.138258,6.745099000000031,12.844164,150001,499.84,0.0073,104.754505,11,11,
s09-revocation-test-rep22-20260705-031926.json,s09-revocation-test,22,zta-cache,500,linear,Revocation Test,0.605249,0.9427965232961898,0.786979,1.1212124000000003,1.805947199999999,4.267069980000009,6.911871270000094,13.454155,150003,499.84,0.0067,104.83810066000001,10,10,
s09-revocation-test-rep23-20260705-045642.json,s09-revocation-test,23,zta-cache,500,linear,Revocation Test,0.603465,0.9537136663822374,0.792008,1.1459079,1.8495833000000024,4.368342660000001,6.919485941000001,13.171527,150004,499.84,0.0073,104.94979479,11,11,
s09-revocation-test-rep24-20260705-063358.json,s09-revocation-test,24,zta-cache,500,linear,Revocation Test,0.606063,0.9468130732513834,0.78653,1.1360318000000007,1.8341687,4.365991530000001,7.116695955000003,13.213165,150004,499.84,0.0073,104.9278473,11,11,
s09-revocation-test-rep25-20260705-081115.json,s09-revocation-test,25,zta-cache,500,linear,Revocation Test,0.594248,0.9564784959800458,0.7904205,1.1459825,1.8863941999999998,4.449708969999992,6.926351930000172,13.675541,150002,499.84,0.0073,105.05748478999998,11,11,
s09-revocation-test-rep26-20260705-094831.json,s09-revocation-test,26,zta-cache,500,linear,Revocation Test,0.609587,0.9337556833772209,0.788536,1.1035702,1.7474399999999994,4.069597879999996,6.638981824000134,17.699321,150005,499.85,0.0073,104.68359436,11,11,
s09-revocation-test-rep27-20260705-112547.json,s09-revocation-test,27,zta-cache,500,linear,Revocation Test,0.60823,0.9377259495603336,0.78749,1.103082,1.780609,4.241828,6.85915700000008,13.269259,150001,499.83,0.0073,104.812017,11,11,
s09-revocation-test-rep28-20260705-130304.json,s09-revocation-test,28,zta-cache,500,linear,Revocation Test,0.601405,0.937586790130863,0.784477,1.1284490000000011,1.7846786999999988,4.1878091400000015,6.849316532000208,14.891453,150003,499.84,0.0067,104.7593359,10,10,
s09-revocation-test-rep29-20260705-144020.json,s09-revocation-test,29,zta-cache,500,linear,Revocation Test,0.601022,0.9314173672502106,0.782042,1.1081719000000008,1.77451945,4.13450791,6.655749749000026,11.804621,150004,499.84,0.0067,104.72874379000001,10,10,
s09-revocation-test-rep3-20260703-203112.json,s09-revocation-test,3,zta-cache,500,linear,Revocation Test,0.606502,0.9340518218788231,0.778175,1.0449632,1.7338951000000002,4.468130239999992,7.39684519000002,29.393271,149999,499.83,0.0067,105.02754959999999,10,10,
s09-revocation-test-rep30-20260705-161736.json,s09-revocation-test,30,zta-cache,500,linear,Revocation Test,0.607238,0.9559625987413729,0.795896,1.1610858000000002,1.841996799999999,4.427636740000016,7.035919310000179,11.675474,150003,499.84,0.0073,105.02313154000001,11,11,
s09-revocation-test-rep4-20260703-220829.json,s09-revocation-test,4,zta-cache,500,linear,Revocation Test,0.618504,0.9364585232723948,0.782405,1.067382,1.77379975,4.4560003,6.906788765000006,16.216327,150006,499.85,0.0073,105.00162485000003,11,11,
s09-revocation-test-rep5-20260703-234545.json,s09-revocation-test,5,zta-cache,500,linear,Revocation Test,0.616573,0.9293128194878626,0.780031,1.052939,1.729303,4.274766,6.845700000000246,13.336947,150001,499.83,0.0073,104.88861,11,11,
s09-revocation-test-rep6-20260704-012302.json,s09-revocation-test,6,zta-cache,500,linear,Revocation Test,0.604911,0.9330567277339474,0.7821625000000001,1.0750189000000003,1.7485189500000011,4.277050370000001,7.00792129000002,12.659007,150004,499.85,0.0073,104.85407954,11,11,
s09-revocation-test-rep7-20260704-030018.json,s09-revocation-test,7,zta-cache,500,linear,Revocation Test,0.6042,0.9422321751498295,0.785969,1.117015000000001,1.8208697999999974,4.238296360000015,6.7937741180002025,12.504531,150003,499.84,0.0067,104.84048922000002,10,10,
s09-revocation-test-rep8-20260704-043735.json,s09-revocation-test,8,zta-cache,500,linear,Revocation Test,0.619138,0.9342597284738874,0.781944,1.0891111000000007,1.7603388500000001,4.242925280000002,6.865325448000021,11.18431,150004,499.84,0.0073,104.79834170000001,11,11,
s09-revocation-test-rep9-20260704-061451.json,s09-revocation-test,9,zta-cache,500,linear,Revocation Test,0.607175,0.9392733606237016,0.784427,1.0917317000000006,1.7842800000000012,4.344727870000001,6.86178184100001,25.583747,150004,499.84,0.0073,104.90995439,11,11,
s07-zta-cache-fanout-rep1-20260707-061649.json,s07-zta-cache-fanout,1,zta-cache,2000,fan-out,ZTA Cache Fan-out,0.721619,486.7976430314604,501.731441,877.4439688000001,981.5993626999996,1299.6512331899999,1763.0857763740275,3356.501664,598314,1990.0,0,1478.5027969900002,,,
s07-zta-cache-fanout-rep10-20260707-072911.json,s07-zta-cache-fanout,10,zta-cache,2000,fan-out,ZTA Cache Fan-out,1.015937,711.9539305713938,703.938965,947.977821,1053.6384318999997,1348.0616851000002,1792.7496334380212,2413.273528,431763,1435.56,0,1541.1905879999915,,,
s07-zta-cache-fanout-rep11-20260707-073714.json,s07-zta-cache-fanout,11,zta-cache,2000,fan-out,ZTA Cache Fan-out,1.022876,490.06843628711164,509.5918735,882.5122015,984.99686725,1303.1230365500032,1772.5239577550028,2869.09143,597486,1986.77,0,1490.6977631899988,,,
s07-zta-cache-fanout-rep12-20260707-074516.json,s07-zta-cache-fanout,12,zta-cache,2000,fan-out,ZTA Cache Fan-out,0.74837,715.2234271878169,705.365333,947.056756,1048.566715,1345.1661153999999,1844.6542414401451,2673.636518,429741,1429.72,0,1560.9141250600017,,,
s07-zta-cache-fanout-rep13-20260707-075319.json,s07-zta-cache-fanout,13,zta-cache,2000,fan-out,ZTA Cache Fan-out,0.743551,497.44906082357966,528.556498,884.5871731999999,978.8826945999998,1225.0657264399993,1642.4245034560151,2462.339149,590205,1965.15,0,1395.8893870800007,,,
s07-zta-cache-fanout-rep14-20260707-080121.json,s07-zta-cache-fanout,14,zta-cache,2000,fan-out,ZTA Cache Fan-out,0.972308,714.6504567402349,704.591809,949.0481692000001,1051.4101047499998,1378.4073086800001,1809.3602125330908,2620.809127,430200,1430.57,0,1579.4849183800006,,,
s07-zta-cache-fanout-rep15-20260707-080924.json,s07-zta-cache-fanout,15,zta-cache,2000,fan-out,ZTA Cache Fan-out,1.026218,493.81689024020994,512.856828,895.054998,988.531785,1239.4304753999998,1739.015694020081,2577.855194,593781,1975.94,0,1428.23036348,,,
s07-zta-cache-fanout-rep16-20260707-081726.json,s07-zta-cache-fanout,16,zta-cache,2000,fan-out,ZTA Cache Fan-out,0.696653,708.787552115199,708.019017,957.4572473999999,1055.1446864999998,1370.8091028000001,1837.4892587000156,2742.473582,434163,1446.25,0,1589.6746797999986,,,
s07-zta-cache-fanout-rep17-20260707-082528.json,s07-zta-cache-fanout,17,zta-cache,2000,fan-out,ZTA Cache Fan-out,1.15402,502.932475649931,542.46507,871.7262816000001,961.6309087999997,1183.1619755199997,1648.851114060008,2494.550179,584877,1946.61,0,1378.2069271400005,,,
s07-zta-cache-fanout-rep18-20260707-083331.json,s07-zta-cache-fanout,18,zta-cache,2000,fan-out,ZTA Cache Fan-out,0.929688,490.132555207393,491.5714935,897.7123276000001,1013.3056517000001,1275.3559047400004,1806.5217098600003,2542.718062,596208,1983.83,0,1470.3493567,,,
s07-zta-cache-fanout-rep19-20260707-084133.json,s07-zta-cache-fanout,19,zta-cache,2000,fan-out,ZTA Cache Fan-out,0.911662,713.6225938709257,700.490247,942.6366304,1056.8926482,1413.6138326399994,1812.3169933280199,2470.463588,431865,1436.56,0,1592.0203976199987,,,
s07-zta-cache-fanout-rep2-20260707-062451.json,s07-zta-cache-fanout,2,zta-cache,2000,fan-out,ZTA Cache Fan-out,0.798513,715.5064753013085,708.312878,943.2247442000001,1049.6140188,1370.0953614000002,1966.3545682360875,3030.509803,429375,1428.46,0,1546.84473884,,,
s07-zta-cache-fanout-rep20-20260707-084936.json,s07-zta-cache-fanout,20,zta-cache,2000,fan-out,ZTA Cache Fan-out,0.940037,488.0358310509143,505.319734,877.045308,969.2769662,1272.6593111200016,1755.711167656015,2833.336587,597897,1988.41,0,1466.7142927199977,,,
s07-zta-cache-fanout-rep21-20260707-085738.json,s07-zta-cache-fanout,21,zta-cache,2000,fan-out,ZTA Cache Fan-out,1.031597,723.8972909268788,709.79134,977.1945695000001,1102.7042275499998,1439.45086466,1847.3340622650098,2858.931537,425082,1413.22,0,1596.1840901700045,,,
s07-zta-cache-fanout-rep22-20260707-090541.json,s07-zta-cache-fanout,22,zta-cache,2000,fan-out,ZTA Cache Fan-out,0.981324,485.38409499730136,509.9988075,871.3091146,967.8893847000002,1267.48690625,1746.8560466760653,2837.529316,603528,2006.91,0,1469.2441635,,,
s07-zta-cache-fanout-rep23-20260707-091343.json,s07-zta-cache-fanout,23,zta-cache,2000,fan-out,ZTA Cache Fan-out,0.746134,725.7404611442579,711.571141,963.5623259999999,1076.3401786999996,1395.2699166999998,2065.1053631020054,2888.767925,425283,1415.42,0,1562.163833799995,,,
s07-zta-cache-fanout-rep24-20260707-092146.json,s07-zta-cache-fanout,24,zta-cache,2000,fan-out,ZTA Cache Fan-out,0.794648,502.6088450296487,506.902474,944.216072,1067.7400419999997,1318.05490012,1608.411274760009,2550.911529,579777,1927.95,0,1458.9594064400012,,,
s07-zta-cache-fanout-rep25-20260707-092948.json,s07-zta-cache-fanout,25,zta-cache,2000,fan-out,ZTA Cache Fan-out,0.641129,717.9417068232125,707.5470095000001,961.1907773,1073.9561788999997,1431.66453039,1823.9636961510007,2820.73019,427632,1422.26,0,1604.0939088800003,,,
s07-zta-cache-fanout-rep26-20260707-093751.json,s07-zta-cache-fanout,26,zta-cache,2000,fan-out,ZTA Cache Fan-out,0.787445,489.86820196411185,496.080854,880.0082102000001,994.83547205,1421.461848039998,1867.7880934850189,3022.176444,597804,1988.86,0,1589.1032439299995,,,
s07-zta-cache-fanout-rep27-20260707-094553.json,s07-zta-cache-fanout,27,zta-cache,2000,fan-out,ZTA Cache Fan-out,1.017983,714.0705551245894,703.297619,956.4604998000002,1058.6609126,1357.6547990800002,1766.117644120024,2449.252386,429825,1429.4,0,1556.9900638400022,,,
s07-zta-cache-fanout-rep28-20260707-095356.json,s07-zta-cache-fanout,28,zta-cache,2000,fan-out,ZTA Cache Fan-out,0.917834,492.9417712586578,518.5179945,880.5938911000001,969.7403944999999,1284.1756863599987,1876.6072023650386,3195.830047,594894,1978.57,0,1490.2852070099998,,,
s07-zta-cache-fanout-rep29-20260707-100158.json,s07-zta-cache-fanout,29,zta-cache,2000,fan-out,ZTA Cache Fan-out,0.780747,696.1179941146569,685.835629,930.7605054,1019.3921401999999,1326.9227357600003,1726.0237847600217,2956.394826,440637,1467.0,0,1525.0479542400003,,,
s07-zta-cache-fanout-rep3-20260707-063254.json,s07-zta-cache-fanout,3,zta-cache,2000,fan-out,ZTA Cache Fan-out,0.698864,497.9913559952055,528.667993,878.6891754000001,971.3603774000001,1266.0291045200004,1706.1837079240038,2562.546947,590613,1965.1,0,1478.6587891999982,,,
s07-zta-cache-fanout-rep30-20260707-101001.json,s07-zta-cache-fanout,30,zta-cache,2000,fan-out,ZTA Cache Fan-out,0.948195,477.2028274037224,513.3631224999999,852.0735431999999,943.2227433999998,1190.1450806200003,1566.6613833580027,2565.967124,610710,2031.28,0,1358.9598111599998,,,
s07-zta-cache-fanout-rep4-20260707-064056.json,s07-zta-cache-fanout,4,zta-cache,2000,fan-out,ZTA Cache Fan-out,0.920519,723.2797523967449,713.308243,970.108804,1102.329215,1399.8168114,1799.1476836800546,2778.703043,425121,1412.88,0,1567.1511258600003,,,
s07-zta-cache-fanout-rep5-20260707-064859.json,s07-zta-cache-fanout,5,zta-cache,2000,fan-out,ZTA Cache Fan-out,0.910392,488.6542719170844,526.366902,878.724254,968.380343,1196.0383064000005,1632.9691805600237,2484.62244,599661,1994.02,0,1370.2012059399997,,,
s07-zta-cache-fanout-rep6-20260707-065702.json,s07-zta-cache-fanout,6,zta-cache,2000,fan-out,ZTA Cache Fan-out,0.867012,718.7776173807569,706.477602,968.728821,1080.3304054999999,1409.7227875,1738.764039510019,2679.117234,428331,1424.11,0,1568.0500905599995,,,
s07-zta-cache-fanout-rep7-20260707-070504.json,s07-zta-cache-fanout,7,zta-cache,2000,fan-out,ZTA Cache Fan-out,0.742111,486.6798523459513,516.301617,875.130511,968.104071,1239.1103331999998,1632.3387593200323,2609.075765,600081,1997.49,0,1398.2745361799998,,,
s07-zta-cache-fanout-rep8-20260707-071306.json,s07-zta-cache-fanout,8,zta-cache,2000,fan-out,ZTA Cache Fan-out,0.897819,710.3600184766018,696.95023,956.7812616000001,1065.2958697999993,1410.5270269200007,1936.356030608011,3010.518048,432657,1439.83,0,1563.0047523600003,,,
s07-zta-cache-fanout-rep9-20260707-072109.json,s07-zta-cache-fanout,9,zta-cache,2000,fan-out,ZTA Cache Fan-out,1.158797,485.60297723814006,509.548576,869.6770914,971.8880215999998,1246.3432133199976,1737.3517713280035,2868.939722,600045,1997.31,0,1430.7982993199992,,,
s08-zta-cache-mesh-rep1-20260707-101803.json,s08-zta-cache-mesh,1,zta-cache,2000,mesh,ZTA Cache Mesh,0.702053,204.4442665844688,191.0004775,331.87154799999996,379.25322925,508.73014425,677.500364500002,1083.917642,423976,1411.98,0,559.3795240000001,,,
s08-zta-cache-mesh-rep10-20260707-113023.json,s08-zta-cache-mesh,10,zta-cache,2000,mesh,ZTA Cache Mesh,0.726048,211.846658336555,199.814568,343.662895,393.07766,519.0550936000004,712.3735552800026,1165.793625,414461,1379.87,0,569.6301882000006,,,
s08-zta-cache-mesh-rep11-20260707-113825.json,s08-zta-cache-mesh,11,zta-cache,2000,mesh,ZTA Cache Mesh,0.568624,154.77540592388934,150.96633150000002,318.9364512,368.2690378499997,488.26739781000003,687.4775195270138,1181.041956,454432,1513.98,0,538.91759442,,,
s08-zta-cache-mesh-rep12-20260707-114627.json,s08-zta-cache-mesh,12,zta-cache,2000,mesh,ZTA Cache Mesh,0.578093,154.5927617374737,149.983489,321.18973,370.0820295,496.8693375999998,697.9896582500012,992.74326,453491,1510.22,0,547.5327662999998,,,
s08-zta-cache-mesh-rep13-20260707-115429.json,s08-zta-cache-mesh,13,zta-cache,2000,mesh,ZTA Cache Mesh,0.610604,201.65540389951505,191.64351599999998,335.29013780000014,383.29594719999994,510.8809513099993,682.6593032920006,1093.931533,423960,1412.95,0,561.4694592099993,,,
s08-zta-cache-mesh-rep14-20260707-120231.json,s08-zta-cache-mesh,14,zta-cache,2000,mesh,ZTA Cache Mesh,0.555086,158.82341557926992,154.086757,319.03654050000006,369.28999354999996,510.74756298000057,686.1426264340005,1203.080627,451862,1505.69,0,561.4964882600008,,,
s08-zta-cache-mesh-rep15-20260707-121033.json,s08-zta-cache-mesh,15,zta-cache,2000,mesh,ZTA Cache Mesh,0.579115,153.56177469868103,150.751046,317.4574646,363.9097503999999,481.90348764,660.0120205940015,1256.191057,455439,1516.9,0,532.41784132,,,
s08-zta-cache-mesh-rep16-20260707-121835.json,s08-zta-cache-mesh,16,zta-cache,2000,mesh,ZTA Cache Mesh,0.58873,152.91942450375785,151.017706,310.9926118000002,359.99668679999996,482.6005085199987,643.0956928680123,1004.416204,458285,1526.63,0,533.3117384799997,,,
s08-zta-cache-mesh-rep17-20260707-122638.json,s08-zta-cache-mesh,17,zta-cache,2000,mesh,ZTA Cache Mesh,0.64595,211.12482822027383,199.198124,343.070357,396.5064953,525.5601977399999,731.2681620480033,1175.645872,416003,1385.26,0,576.1528757,,,
s08-zta-cache-mesh-rep18-20260707-123440.json,s08-zta-cache-mesh,18,zta-cache,2000,mesh,ZTA Cache Mesh,0.563293,167.35092546719912,164.330725,323.4844626000002,371.15365859999997,505.6928786700003,702.9777963740019,1111.527912,445930,1485.46,0,556.5323953600008,,,
s08-zta-cache-mesh-rep19-20260707-124242.json,s08-zta-cache-mesh,19,zta-cache,2000,mesh,ZTA Cache Mesh,0.587639,153.82352951943247,151.132517,316.7135525000001,365.8052638999996,483.75208141999946,644.9910271330169,949.734,455222,1516.07,0,534.3026402199995,,,
s08-zta-cache-mesh-rep2-20260707-102606.json,s08-zta-cache-mesh,2,zta-cache,2000,mesh,ZTA Cache Mesh,0.589283,151.74190211215696,149.17096750000002,309.9506294,359.6450407,471.1760099,630.2669375510011,981.807056,459088,1528.45,0,521.8521614700002,,,
s08-zta-cache-mesh-rep20-20260707-125044.json,s08-zta-cache-mesh,20,zta-cache,2000,mesh,ZTA Cache Mesh,0.56563,153.98749433727866,152.046115,315.3528197,362.94787404999994,480.39377651,698.5874654340004,1141.876393,455038,1515.58,0,530.80119848,,,
s08-zta-cache-mesh-rep21-20260707-125846.json,s08-zta-cache-mesh,21,zta-cache,2000,mesh,ZTA Cache Mesh,0.679614,209.54168867055304,199.0655725,339.344766,385.87007124999997,508.09295614999985,687.8996698500505,1052.71812,416696,1388.01,0,558.8038307499996,,,
s08-zta-cache-mesh-rep22-20260707-130648.json,s08-zta-cache-mesh,22,zta-cache,2000,mesh,ZTA Cache Mesh,0.58838,151.79096452429164,148.628601,312.079202,360.2384025,469.6086932,640.1647378300005,969.929145,458411,1527.28,0,520.1803190000005,,,
s08-zta-cache-mesh-rep23-20260707-131450.json,s08-zta-cache-mesh,23,zta-cache,2000,mesh,ZTA Cache Mesh,0.586616,152.8040928016537,150.00638650000002,314.1914326,363.2114528499997,478.1200855299999,646.4127617110096,1154.475676,456208,1519.86,0,528.75084714,,,
s08-zta-cache-mesh-rep24-20260707-132252.json,s08-zta-cache-mesh,24,zta-cache,2000,mesh,ZTA Cache Mesh,0.657817,209.0704640809447,196.073231,341.27363299999996,392.40101279999993,518.5809156800003,700.7115767680009,1073.085803,417493,1389.9,0,569.1639724400001,,,
s08-zta-cache-mesh-rep25-20260707-133055.json,s08-zta-cache-mesh,25,zta-cache,2000,mesh,ZTA Cache Mesh,0.590642,153.41643858081318,148.433118,316.816107,369.985885,507.76580090000044,702.6714183300161,1091.66581,455011,1515.82,0,558.3090434000005,,,
s08-zta-cache-mesh-rep26-20260707-133857.json,s08-zta-cache-mesh,26,zta-cache,2000,mesh,ZTA Cache Mesh,0.595271,152.12003906711286,149.890188,307.91035860000005,360.3253241,488.1582364000009,726.9414746140111,1127.268799,458255,1526.49,0,538.6708423200004,,,
s08-zta-cache-mesh-rep27-20260707-134659.json,s08-zta-cache-mesh,27,zta-cache,2000,mesh,ZTA Cache Mesh,0.605001,208.44271616899763,194.822718,340.6174368,393.79964279999996,530.0627519600002,691.1077470280084,1119.651304,418037,1392.49,0,580.6640555600002,,,
s08-zta-cache-mesh-rep28-20260707-135501.json,s08-zta-cache-mesh,28,zta-cache,2000,mesh,ZTA Cache Mesh,0.563055,152.61228540459658,149.410874,314.38503049999997,363.84225849999996,480.9419215500001,673.3518440350018,1065.115147,457436,1523.82,0,531.4706212,,,
s08-zta-cache-mesh-rep29-20260707-140303.json,s08-zta-cache-mesh,29,zta-cache,2000,mesh,ZTA Cache Mesh,0.59402,149.84192199745885,146.256483,308.1347902,355.0369757999999,469.5564205599998,634.9158746000106,1088.305202,460253,1533.4,0,520.1874549199996,,,
s08-zta-cache-mesh-rep3-20260707-103408.json,s08-zta-cache-mesh,3,zta-cache,2000,mesh,ZTA Cache Mesh,0.572543,150.78915823218338,148.703517,307.6904158,356.4974998,476.9957006000001,675.8233235440069,1048.689549,460993,1535.92,0,527.4261692,,,
s08-zta-cache-mesh-rep30-20260707-141105.json,s08-zta-cache-mesh,30,zta-cache,2000,mesh,ZTA Cache Mesh,0.602003,208.11548922460875,196.0023825,336.9985191,385.50228489999915,511.9257625299998,705.5027845940001,1333.734344,419258,1396.2,0,562.9616526599999,,,
s08-zta-cache-mesh-rep4-20260707-104210.json,s08-zta-cache-mesh,4,zta-cache,2000,mesh,ZTA Cache Mesh,0.654314,204.30056329382552,190.408737,331.8246455,382.58399099999997,511.19631804999983,698.8386603400253,1114.650002,424916,1415.08,0,561.7350895499998,,,
s08-zta-cache-mesh-rep5-20260707-105012.json,s08-zta-cache-mesh,5,zta-cache,2000,mesh,ZTA Cache Mesh,0.588038,149.14057134646265,143.9326,306.7206382,356.9610909,490.9916510000001,669.168863934,958.968834,462063,1539.39,0,541.50989402,,,
s08-zta-cache-mesh-rep6-20260707-105814.json,s08-zta-cache-mesh,6,zta-cache,2000,mesh,ZTA Cache Mesh,0.577079,152.04248389110614,149.000745,309.9948518,359.1654931999999,492.2081275199998,703.9367090320017,1142.231356,458329,1525.62,0,542.6863039599993,,,
s08-zta-cache-mesh-rep7-20260707-110616.json,s08-zta-cache-mesh,7,zta-cache,2000,mesh,ZTA Cache Mesh,0.699666,206.6129690489133,194.56409050000002,332.5614417000001,382.24529919999986,504.8245363699999,656.2441676660015,1133.575843,421120,1403.07,0,555.3586064799999,,,
s08-zta-cache-mesh-rep8-20260707-111418.json,s08-zta-cache-mesh,8,zta-cache,2000,mesh,ZTA Cache Mesh,0.581335,157.25888898030115,154.702331,324.13654940000004,374.74593250000004,514.6472843800001,689.697150106026,1186.579841,449187,1496.02,0,565.3853069600001,,,
s08-zta-cache-mesh-rep9-20260707-112220.json,s08-zta-cache-mesh,9,zta-cache,2000,mesh,ZTA Cache Mesh,0.554747,156.39191821341552,151.6580375,325.6858552000001,375.6676867,501.6227696299999,675.2401533390049,1088.757704,450820,1501.58,0,552.01284516,,,
s10-ttl-comparison-rep1-20260707-141922.json,s10-ttl-comparison,1,zta-cache-static,2000,fan-out,TTL Comparison (Static),1.07638,483.2472527997207,506.013744,856.3622928000001,960.44438,1321.0366648800036,1787.2048738241645,2492.107064,602349,2002.6,0,1511.447335479999,,,0
s10-ttl-comparison-rep10-20260707-153146.json,s10-ttl-comparison,10,zta-cache-static,2000,fan-out,TTL Comparison (Static),1.02515,488.4825774285401,519.140038,873.5763379999996,972.6739133499997,1238.6019873399998,1578.5112528420088,2599.398456,600240,1997.46,0,1396.3465734599995,,,0
s10-ttl-comparison-rep11-20260707-153949.json,s10-ttl-comparison,11,zta-cache-static,2000,fan-out,TTL Comparison (Static),1.007236,722.7028895170382,714.4787945,959.7913484000001,1051.7998764499998,1320.4034294,1762.2618780600274,2723.240134,427932,1422.73,0,1501.3286136400015,,,0
s10-ttl-comparison-rep12-20260707-154751.json,s10-ttl-comparison,12,zta-cache-static,2000,fan-out,TTL Comparison (Static),0.693386,570.9285753436798,620.978751,911.9190698000001,1014.9256641999996,1309.9059603599997,1689.2147320200017,2343.121038,520989,1733.79,0,1488.3667558000004,,,0
s10-ttl-comparison-rep13-20260707-155554.json,s10-ttl-comparison,13,zta-cache-static,2000,fan-out,TTL Comparison (Static),0.663921,487.7289453919586,517.125203,875.6108702,978.8725540500001,1254.9923118200002,1703.8251092950136,2490.779225,599238,1992.39,0,1431.3949597499998,,,0
s10-ttl-comparison-rep14-20260707-160357.json,s10-ttl-comparison,14,zta-cache-static,2000,fan-out,TTL Comparison (Static),1.610739,722.4020423128617,710.069171,959.9332342,1058.5432397999996,1413.3906514199994,1851.1508109680017,2828.717522,426939,1418.55,0,1597.1907725600008,,,0
s10-ttl-comparison-rep15-20260707-161200.json,s10-ttl-comparison,15,zta-cache-static,2000,fan-out,TTL Comparison (Static),0.898209,488.6947136395463,510.275957,867.5725571000002,968.7871640499999,1277.5811031799926,1701.2109920270043,2738.523834,599994,1994.39,0,1454.8639061999997,,,0
s10-ttl-comparison-rep16-20260707-162002.json,s10-ttl-comparison,16,zta-cache-static,2000,fan-out,TTL Comparison (Static),0.812407,718.632542281211,703.478432,959.5150392,1076.13612165,1488.5098401500006,1990.1981760326917,2876.271516,427800,1422.37,0,1638.9594624200004,,,0
s10-ttl-comparison-rep17-20260707-162805.json,s10-ttl-comparison,17,zta-cache-static,2000,fan-out,TTL Comparison (Static),0.99475,494.22714950545816,518.113851,877.5713996000002,973.4939990000001,1220.1944717199995,1638.131055760045,2513.269404,591153,1966.77,0,1398.141232,,,0
s10-ttl-comparison-rep18-20260707-163607.json,s10-ttl-comparison,18,zta-cache-static,2000,fan-out,TTL Comparison (Static),0.790949,713.886156706714,698.030813,970.496132,1084.3012827999996,1381.9222327399998,1868.4949242280215,2863.149542,431703,1435.38,0,1548.972009,,,0
s10-ttl-comparison-rep19-20260707-164410.json,s10-ttl-comparison,19,zta-cache-static,2000,fan-out,TTL Comparison (Static),0.851242,497.7781549680089,522.2067465,882.8737484000005,978.7777229,1294.717785429999,1779.7492871240213,2645.546721,590994,1964.62,0,1507.7808032899998,,,0
s10-ttl-comparison-rep2-20260707-142725.json,s10-ttl-comparison,2,zta-cache-static,2000,fan-out,TTL Comparison (Static),1.224963,484.55452157313994,514.8082865,859.70693,951.1852905000001,1266.1628683999961,1671.8408591450452,2660.34971,603756,2007.48,0,1439.3365298599983,,,0
s10-ttl-comparison-rep20-20260707-165213.json,s10-ttl-comparison,20,zta-cache-static,2000,fan-out,TTL Comparison (Static),0.927397,519.7379013853571,577.6489065000001,875.146119,966.897789,1239.492383,1727.4610638750132,2725.270423,568476,1893.61,0,1420.4652047299996,,,0
s10-ttl-comparison-rep21-20260707-170015.json,s10-ttl-comparison,21,zta-cache-static,2000,fan-out,TTL Comparison (Static),0.809714,710.5990900372426,701.826981,955.4952430000002,1058.6879645999995,1347.44658004,1734.8577298520001,2508.323366,431307,1434.43,0,1537.4761939200012,,,0
s10-ttl-comparison-rep22-20260707-170818.json,s10-ttl-comparison,22,zta-cache-static,2000,fan-out,TTL Comparison (Static),0.655428,676.2452434027095,685.970662,934.9849273000002,1035.5003779999997,1348.6867831499999,1679.4200867190125,2713.955832,451590,1501.83,0,1534.5621022799994,,,0
s10-ttl-comparison-rep23-20260707-171620.json,s10-ttl-comparison,23,zta-cache-static,2000,fan-out,TTL Comparison (Static),1.085121,490.8688743260113,509.169086,875.393994,980.772457,1304.4192098999958,1774.218144160036,3111.034912,594531,1978.16,0,1494.526907719998,,,0
s10-ttl-comparison-rep24-20260707-172422.json,s10-ttl-comparison,24,zta-cache-static,2000,fan-out,TTL Comparison (Static),0.805985,716.2261353934163,703.9675985,942.5615780000002,1045.51678705,1399.526856499999,1791.900688575002,3119.744683,430890,1432.9,0,1588.1596843599998,,,0
s10-ttl-comparison-rep25-20260707-173225.json,s10-ttl-comparison,25,zta-cache-static,2000,fan-out,TTL Comparison (Static),0.706097,497.9705894000908,528.135256,887.4345628000001,983.2533731999998,1270.1662783200006,1837.9710790000063,2929.907695,590649,1962.85,0,1454.0143048999994,,,0
s10-ttl-comparison-rep26-20260707-174028.json,s10-ttl-comparison,26,zta-cache-static,2000,fan-out,TTL Comparison (Static),0.718175,721.2627077640501,711.591547,956.0680898,1057.5219975999998,1370.6617934,1848.9164658280004,2735.325187,426933,1419.15,0,1581.7023360999995,,,0
s10-ttl-comparison-rep27-20260707-174831.json,s10-ttl-comparison,27,zta-cache-static,2000,fan-out,TTL Comparison (Static),0.884105,516.7554514855375,563.82005,893.8727813,988.623442049999,1294.167566009998,1661.6899027680024,2447.433845,570780,1897.61,0,1468.9514321000006,,,0
s10-ttl-comparison-rep28-20260707-175633.json,s10-ttl-comparison,28,zta-cache-static,2000,fan-out,TTL Comparison (Static),0.737449,497.23452215495513,521.6640560000001,869.265713,965.1719085999991,1362.1524175000015,1887.798519374,2880.081222,590910,1964.75,0,1539.8999953499995,,,0
s10-ttl-comparison-rep29-20260707-180436.json,s10-ttl-comparison,29,zta-cache-static,2000,fan-out,TTL Comparison (Static),1.169095,721.2496950487281,710.888656,944.2743200000001,1036.0124188,1379.8141881600004,1736.6862029180047,2537.009076,427455,1422.47,0,1553.1952307200013,,,0
s10-ttl-comparison-rep3-20260707-143528.json,s10-ttl-comparison,3,zta-cache-static,2000,fan-out,TTL Comparison (Static),1.127087,707.1179364671881,694.848223,953.6567253000001,1060.75925605,1357.3819434399986,1694.2175008860004,2392.504238,433542,1442.71,0,1526.4737167599994,,,0
s10-ttl-comparison-rep30-20260707-181239.json,s10-ttl-comparison,30,zta-cache-static,2000,fan-out,TTL Comparison (Static),0.83401,647.808666776822,670.2242484999999,931.7035854,1041.6140152999997,1390.41325811,1738.7781562020052,2519.177869,467778,1558.45,0,1603.979705,,,0
s10-ttl-comparison-rep4-20260707-144331.json,s10-ttl-comparison,4,zta-cache-static,2000,fan-out,TTL Comparison (Static),1.142746,488.21920568004157,518.0547779999999,863.2012798,956.0332182,1221.1175956599996,1761.4502101230291,2928.689262,600852,1999.08,0,1410.2690545099997,,,0
s10-ttl-comparison-rep5-20260707-145133.json,s10-ttl-comparison,5,zta-cache-static,2000,fan-out,TTL Comparison (Static),0.793637,716.8099065321562,709.6382914999999,951.707012,1051.98457695,1314.6405003799875,1675.246554882023,2778.217716,429048,1426.31,0,1518.0855726500001,,,0
s10-ttl-comparison-rep6-20260707-145936.json,s10-ttl-comparison,6,zta-cache-static,2000,fan-out,TTL Comparison (Static),0.919058,498.26570516354644,520.814955,882.3656676000002,981.2171196000003,1278.9594338499999,1759.312869288013,2850.35779,589038,1959.1,0,1465.2330614999923,,,0
s10-ttl-comparison-rep7-20260707-150738.json,s10-ttl-comparison,7,zta-cache-static,2000,fan-out,TTL Comparison (Static),0.931242,716.6492746484513,706.6391169999999,960.5113729999999,1068.8668059499994,1395.3902235700004,2002.902439302224,3459.378395,429588,1427.75,0,1569.4553449499945,,,0
s10-ttl-comparison-rep8-20260707-151541.json,s10-ttl-comparison,8,zta-cache-static,2000,fan-out,TTL Comparison (Static),0.787622,493.436547918781,530.468038,870.6985143,964.3809665499998,1218.9295531300002,1615.535725902033,2527.497655,593412,1972.51,0,1381.10420944,,,0
s10-ttl-comparison-rep9-20260707-152344.json,s10-ttl-comparison,9,zta-cache-static,2000,fan-out,TTL Comparison (Static),0.653119,725.0837702121484,715.2196289999999,956.0874864000001,1070.3208051999993,1437.0565540199998,2055.6330364700457,3025.973476,424452,1412.08,0,1625.8141360800055,,,0
