scenario_id,repetition,config,rps_target,topology,cpu_avg_pct,cpu_max_pct,mem_avg_mb,mem_max_mb,prom_p99_latency_ms,prom_throughput_rps,prom_cache_hit_ratio
s01-pbs-baseline-500rps,1,pbs,500,linear,1.7602723990726319,2.3433671768742617,52.2955789170507,52.39564732142857,,,
s01-pbs-baseline-500rps,10,pbs,500,linear,1.7848163818258773,3.3481630499646435,55.92918346774192,55.95256696428572,,,
s01-pbs-baseline-500rps,11,pbs,500,linear,1.6563377560684014,2.699514252051785,55.816964285714285,56.07533482142857,,,
s01-pbs-baseline-500rps,12,pbs,500,linear,1.8254610487426717,3.337933695426006,56.26684907834102,56.287388392857146,,,
s01-pbs-baseline-500rps,13,pbs,500,linear,1.7067473469420096,2.669596470641292,55.890264976958534,55.9140625,,,
s01-pbs-baseline-500rps,14,pbs,500,linear,1.8885370020127321,2.68870351691915,55.94855270737326,55.98325892857143,,,
s01-pbs-baseline-500rps,15,pbs,500,linear,1.7421050953735173,3.3315152650612885,55.899247551843324,55.926339285714285,,,
s01-pbs-baseline-500rps,16,pbs,500,linear,1.782399546159635,2.6904633855707143,56.450334821428584,56.640625,,,
s01-pbs-baseline-500rps,17,pbs,500,linear,1.8838228226086566,3.4222665599139277,56.67835541474655,56.71205357142857,,,
s01-pbs-baseline-500rps,18,pbs,500,linear,1.7071598541045288,2.668291760504399,55.99177347350229,56.20200892857143,,,
s01-pbs-baseline-500rps,19,pbs,500,linear,2.000355628669449,6.44374022812688,56.208939372119815,56.25334821428572,,,
s01-pbs-baseline-500rps,2,pbs,500,linear,1.6898409363377895,2.3355479762255453,53.51953125000001,53.57756696428572,,,
s01-pbs-baseline-500rps,20,pbs,500,linear,1.7023200707234212,2.650858171910552,56.31476814516128,56.342075892857146,,,
s01-pbs-baseline-500rps,21,pbs,500,linear,1.8289521115751033,3.4207088845720026,56.77007128456221,57.016183035714285,,,
s01-pbs-baseline-500rps,22,pbs,500,linear,1.8299534277190763,3.3049326806955825,56.52509360599079,56.7578125,,,
s01-pbs-baseline-500rps,23,pbs,500,linear,1.8662134380058972,3.271643479646222,57.29352678571429,57.3203125,,,
s01-pbs-baseline-500rps,24,pbs,500,linear,1.856160286960811,2.651033515053298,56.848844326036875,56.86439732142857,,,
s01-pbs-baseline-500rps,25,pbs,500,linear,1.625341564189134,2.645235515206869,57.16188436059907,57.20424107142857,,,
s01-pbs-baseline-500rps,26,pbs,500,linear,1.7749458848090756,2.6756279716500107,57.262636808755765,57.30357142857143,,,
s01-pbs-baseline-500rps,27,pbs,500,linear,1.8217429798605762,2.653090964387219,56.74656177995393,57.00334821428572,,,
s01-pbs-baseline-500rps,28,pbs,500,linear,1.7749766646583949,3.2970358718105617,57.06489415322581,57.156808035714285,,,
s01-pbs-baseline-500rps,29,pbs,500,linear,1.5599375314918658,2.643459126137011,56.88902289746543,56.90234375,,,
s01-pbs-baseline-500rps,3,pbs,500,linear,1.725543598678202,3.415011161940852,53.93087557603687,54.06752232142857,,,
s01-pbs-baseline-500rps,30,pbs,500,linear,1.7163836956156098,2.656937083685574,56.90956221198157,57.023995535714285,,,
s01-pbs-baseline-500rps,4,pbs,500,linear,1.991922398254758,3.331128432733311,54.275183611751146,54.338169642857146,,,
s01-pbs-baseline-500rps,5,pbs,500,linear,1.688995887980319,2.720412072703088,54.7020989343318,54.795200892857146,,,
s01-pbs-baseline-500rps,6,pbs,500,linear,1.7579501807312037,2.776354155578838,55.199524769585246,55.314732142857146,,,
s01-pbs-baseline-500rps,7,pbs,500,linear,1.940126668238922,2.89926610494773,55.42606926843318,55.496651785714285,,,
s01-pbs-baseline-500rps,8,pbs,500,linear,2.0622525209519655,4.45975341916082,55.06295002880185,55.16127232142857,,,
s01-pbs-baseline-500rps,9,pbs,500,linear,1.896321235805481,4.3877108090355765,55.575838853686655,55.63671875,,,
s02-zta-naive-500rps,1,zta-naive,500,linear,1.927879821957771,3.3870453734729424,51.981188796082954,52.05022321428572,,,
s02-zta-naive-500rps,10,zta-naive,500,linear,1.793620901727067,2.7083785576960047,55.6192576324885,55.64620535714285,,,
s02-zta-naive-500rps,11,zta-naive,500,linear,1.780278891832948,2.6965525593037047,55.91555659562213,56.000558035714285,,,
s02-zta-naive-500rps,12,zta-naive,500,linear,1.6636937442411655,3.3479595214750018,55.967255904377865,56.017857142857146,,,
s02-zta-naive-500rps,13,zta-naive,500,linear,1.7669242336373283,2.719110585878255,55.939354118663616,55.95647321428572,,,
s02-zta-naive-500rps,14,zta-naive,500,linear,1.807332731526358,2.6952900472455465,55.90367583525345,56.160714285714285,,,
s02-zta-naive-500rps,15,zta-naive,500,linear,1.7888876341863575,2.685548398434857,55.91939084101382,55.94084821428572,,,
s02-zta-naive-500rps,16,zta-naive,500,linear,1.6822070554002082,2.6962626138597336,56.735617079493075,56.80747767857143,,,
s02-zta-naive-500rps,17,zta-naive,500,linear,1.8219538401187017,3.314697966664985,56.116755472350235,56.18861607142857,,,
s02-zta-naive-500rps,18,zta-naive,500,linear,1.9443577151433653,2.705603383462348,56.08532546082949,56.13448660714285,,,
s02-zta-naive-500rps,19,zta-naive,500,linear,1.8902783539490295,3.304936565312433,56.42300907258063,56.49888392857143,,,
s02-zta-naive-500rps,2,zta-naive,500,linear,1.898268757192283,3.415513321564068,53.46783194124423,53.5390625,,,
s02-zta-naive-500rps,20,zta-naive,500,linear,1.6036115589286706,2.662233013181469,56.6800295218894,56.760044642857146,,,
s02-zta-naive-500rps,21,zta-naive,500,linear,1.6836080231661843,2.636883322866742,56.884180587557616,56.920200892857146,,,
s02-zta-naive-500rps,22,zta-naive,500,linear,1.695859622912592,3.270762382275634,56.56206797235023,56.584263392857146,,,
s02-zta-naive-500rps,23,zta-naive,500,linear,1.7779286937635883,3.2494237197731426,56.595604118663594,56.74609375,,,
s02-zta-naive-500rps,24,zta-naive,500,linear,1.6931082417567895,2.6365162884718103,56.482736895161274,56.52511160714285,,,
s02-zta-naive-500rps,25,zta-naive,500,linear,1.6771350827873743,2.690982968029234,56.80016921082951,56.88448660714285,,,
s02-zta-naive-500rps,26,zta-naive,500,linear,1.8364069000515302,3.3128857350858585,57.17808539746542,57.25334821428572,,,
s02-zta-naive-500rps,27,zta-naive,500,linear,1.673592266957601,2.661296280533,56.69088421658985,56.78459821428572,,,
s02-zta-naive-500rps,28,zta-naive,500,linear,1.8258691722524618,2.694103655248372,57.238821284562206,57.31752232142857,,,
s02-zta-naive-500rps,29,zta-naive,500,linear,1.8976760673613868,3.313128783265587,56.883154521889395,56.89397321428572,,,
s02-zta-naive-500rps,3,zta-naive,500,linear,1.7739585948837364,2.699275157060967,53.79296875,54.133370535714285,,,
s02-zta-naive-500rps,30,zta-naive,500,linear,1.8410828187712616,3.240236290380168,57.18013752880185,57.23939732142857,,,
s02-zta-naive-500rps,4,zta-naive,500,linear,1.9390195557254746,3.311615996230435,54.62093173963134,54.724888392857146,,,
s02-zta-naive-500rps,5,zta-naive,500,linear,1.7379289794789823,2.7225532033949325,54.35523473502303,54.383370535714285,,,
s02-zta-naive-500rps,6,zta-naive,500,linear,1.7936104909769055,3.345238817669707,55.21300763248848,55.32589285714285,,,
s02-zta-naive-500rps,7,zta-naive,500,linear,1.66249391003768,2.665599926437878,55.288432459677416,55.316964285714285,,,
s02-zta-naive-500rps,8,zta-naive,500,linear,1.8866283732829445,4.430518507792256,55.18730198732719,55.31919642857143,,,
s02-zta-naive-500rps,9,zta-naive,500,linear,1.7716216323615583,2.7016426748750453,55.8718497983871,56.047433035714285,,,
s03-zta-cache-500rps,1,zta-cache,500,linear,1.8455518107526907,4.417303827890341,52.148293490783416,52.244419642857146,,,
s03-zta-cache-500rps,10,zta-cache,500,linear,1.9007137355410597,2.710263862677853,55.42794138824884,55.546875,,,
s03-zta-cache-500rps,11,zta-cache,500,linear,1.5485750598264982,2.2954072977754687,55.024517569124434,55.0859375,,,
s03-zta-cache-500rps,12,zta-cache,500,linear,1.6635358252797854,3.341712556651441,55.090113767281096,55.18470982142857,,,
s03-zta-cache-500rps,13,zta-cache,500,linear,1.793648205857579,2.6782671672229816,55.22319628456221,55.252232142857146,,,
s03-zta-cache-500rps,14,zta-cache,500,linear,1.592985409806461,2.709572408325463,55.408572148617516,55.44642857142857,,,
s03-zta-cache-500rps,15,zta-cache,500,linear,1.7154304860850238,2.71234237987291,55.72823660714285,55.75167410714285,,,
s03-zta-cache-500rps,16,zta-cache,500,linear,1.6739660390820486,3.332362341341221,55.76490495391706,55.81529017857143,,,
s03-zta-cache-500rps,17,zta-cache,500,linear,1.7975671591046212,2.676047538995215,55.52462557603687,55.61439732142857,,,
s03-zta-cache-500rps,18,zta-cache,500,linear,1.8437938439697465,3.315355560672837,55.52662370391705,55.546875,,,
s03-zta-cache-500rps,19,zta-cache,500,linear,1.9267422190497099,3.3158450457332385,55.534760224654384,55.74776785714285,,,
s03-zta-cache-500rps,2,zta-cache,500,linear,2.0231074896716623,3.4461205489686844,53.26666906682027,53.29854910714285,,,
s03-zta-cache-500rps,20,zta-cache,500,linear,1.5211170392028655,2.62870012453633,56.229550691244235,56.24944196428572,,,
s03-zta-cache-500rps,21,zta-cache,500,linear,1.786553616463341,2.646021001337071,55.905043922811075,56.06752232142857,,,
s03-zta-cache-500rps,22,zta-cache,500,linear,1.7490472945222082,3.27274906085806,55.86414530529955,55.88560267857143,,,
s03-zta-cache-500rps,23,zta-cache,500,linear,1.7477914083166868,3.2640023099160884,56.040250576036875,56.07589285714285,,,
s03-zta-cache-500rps,24,zta-cache,500,linear,1.8744729722394404,3.281446672282096,56.51179075460829,56.53794642857143,,,
s03-zta-cache-500rps,25,zta-cache,500,linear,1.4510432979776422,3.2631254415495192,56.5636700748848,56.64620535714285,,,
s03-zta-cache-500rps,26,zta-cache,500,linear,1.846995647466968,2.6867262992449388,56.22137816820276,56.37890625,,,
s03-zta-cache-500rps,27,zta-cache,500,linear,1.7679069736892308,3.30188421526953,56.18236967165898,56.20089285714285,,,
s03-zta-cache-500rps,28,zta-cache,500,linear,1.744227580185966,2.6587044391409487,56.42529521889402,56.69921875,,,
s03-zta-cache-500rps,29,zta-cache,500,linear,1.8785639841059893,3.2979820680268466,56.45348502304147,56.46595982142857,,,
s03-zta-cache-500rps,3,zta-cache,500,linear,1.6749432566805755,3.380192141320759,53.29534490207373,53.3515625,,,
s03-zta-cache-500rps,30,zta-cache,500,linear,1.7201689297829015,2.6490985456435725,56.21090149769586,56.27287946428572,,,
s03-zta-cache-500rps,4,zta-cache,500,linear,1.9073716948095647,2.7021265127513847,54.01017065092166,54.064732142857146,,,
s03-zta-cache-500rps,5,zta-cache,500,linear,1.7167418670822252,2.679409915620277,53.91058827764977,53.935825892857146,,,
s03-zta-cache-500rps,6,zta-cache,500,linear,1.7237322932380776,3.30769978504979,54.33726958525345,54.412388392857146,,,
s03-zta-cache-500rps,7,zta-cache,500,linear,1.7237508953273781,2.678586787738152,54.7334209389401,54.77845982142857,,,
s03-zta-cache-500rps,8,zta-cache,500,linear,1.8752859030110829,2.6961002237360194,55.081005184331794,55.10714285714285,,,
s03-zta-cache-500rps,9,zta-cache,500,linear,1.7902847418636096,4.402747326071416,54.98912730414746,55.01729910714285,,,
s04-zta-naive-2000rps,1,zta-naive,2000,linear,5.818647897534127,9.47835639443548,52.243339573732726,52.31640625,,,
s04-zta-naive-2000rps,10,zta-naive,2000,linear,5.439563886393952,9.228892997979193,55.389904953917046,55.555245535714285,,,
s04-zta-naive-2000rps,11,zta-naive,2000,linear,5.936463779115972,11.54801096648485,55.702296947004605,55.72209821428572,,,
s04-zta-naive-2000rps,12,zta-naive,2000,linear,5.908161205491798,11.601557685757628,55.37240783410139,55.39453125,,,
s04-zta-naive-2000rps,13,zta-naive,2000,linear,6.57218268679245,11.573432050333633,55.219650057603694,55.26116071428572,,,
s04-zta-naive-2000rps,14,zta-naive,2000,linear,5.759399640282773,9.255934825808035,55.401785714285715,55.42689732142857,,,
s04-zta-naive-2000rps,15,zta-naive,2000,linear,5.619728423832951,11.533826995096376,55.47002808179723,55.52120535714285,,,
s04-zta-naive-2000rps,16,zta-naive,2000,linear,5.304518549739615,11.532762352111767,55.56383208525345,55.58872767857143,,,
s04-zta-naive-2000rps,17,zta-naive,2000,linear,5.720411733064707,9.222439457397169,55.78780241935484,55.84319196428572,,,
s04-zta-naive-2000rps,18,zta-naive,2000,linear,5.69930082647024,11.329522384314018,55.98783122119815,56.016183035714285,,,
s04-zta-naive-2000rps,19,zta-naive,2000,linear,5.760684750858476,9.041574986289554,55.646331365207374,55.6640625,,,
s04-zta-naive-2000rps,2,zta-naive,2000,linear,6.70194770191849,9.478518781271848,53.48223286290324,53.545200892857146,,,
s04-zta-naive-2000rps,20,zta-naive,2000,linear,5.672726749398992,11.327296839416093,56.059925835253445,56.125,,,
s04-zta-naive-2000rps,21,zta-naive,2000,linear,6.108179474693741,9.096096210415531,56.186455933179715,56.36607142857143,,,
s04-zta-naive-2000rps,22,zta-naive,2000,linear,5.238760132700488,9.118381731463828,56.120625720046085,56.16796875,,,
s04-zta-naive-2000rps,23,zta-naive,2000,linear,5.463810660236647,9.13980703824909,55.80610959101382,55.92912946428572,,,
s04-zta-naive-2000rps,24,zta-naive,2000,linear,6.842825866794813,11.454523903154763,56.67261304723502,56.73716517857143,,,
s04-zta-naive-2000rps,25,zta-naive,2000,linear,5.6160578858781545,7.720449196821525,56.24504968317972,56.295200892857146,,,
s04-zta-naive-2000rps,26,zta-naive,2000,linear,6.574061616977385,11.509409877614711,56.64769945276497,56.66685267857143,,,
s04-zta-naive-2000rps,27,zta-naive,2000,linear,5.912119692536968,11.374190709173728,56.48626512096774,56.51283482142857,,,
s04-zta-naive-2000rps,28,zta-naive,2000,linear,5.863246273190637,9.198243751728516,55.99962197580647,56.055245535714285,,,
s04-zta-naive-2000rps,29,zta-naive,2000,linear,5.797662270579952,9.151689571148864,56.78904449884793,56.87611607142857,,,
s04-zta-naive-2000rps,3,zta-naive,2000,linear,6.134561770837831,11.811272988250842,53.256444412442384,53.367745535714285,,,
s04-zta-naive-2000rps,30,zta-naive,2000,linear,6.207326147018367,14.97747909721431,56.25768649193548,56.33091517857143,,,
s04-zta-naive-2000rps,4,zta-naive,2000,linear,5.507595009913998,11.688601289754256,53.717633928571416,53.74107142857143,,,
s04-zta-naive-2000rps,5,zta-naive,2000,linear,6.373051990056123,9.43269498327138,54.64584533410138,54.72042410714285,,,
s04-zta-naive-2000rps,6,zta-naive,2000,linear,5.584622442827141,11.768333492303851,54.61558539746542,54.68136160714285,,,
s04-zta-naive-2000rps,7,zta-naive,2000,linear,6.609344056000417,11.726626060769249,54.7538342453917,54.80747767857143,,,
s04-zta-naive-2000rps,8,zta-naive,2000,linear,5.830161304799662,9.305466153140635,54.93641993087558,55.00167410714285,,,
s04-zta-naive-2000rps,9,zta-naive,2000,linear,5.485423774442834,9.333993723893329,54.81620823732719,54.84263392857143,,,
s05-zta-cache-2000rps,1,zta-cache,2000,linear,6.7383747323977445,11.84904177779228,52.34625216013824,52.40569196428572,,,
s05-zta-cache-2000rps,10,zta-cache,2000,linear,6.1221694198167125,15.410187171518976,55.3806883640553,55.43694196428572,,,
s05-zta-cache-2000rps,11,zta-cache,2000,linear,5.715431939978976,9.312164106458862,55.26877520161291,55.30022321428572,,,
s05-zta-cache-2000rps,12,zta-cache,2000,linear,5.66154587360396,11.595318739722735,55.05801771313364,55.09765625,,,
s05-zta-cache-2000rps,13,zta-cache,2000,linear,6.056297247786619,9.290900805991198,55.387960829493096,55.59654017857143,,,
s05-zta-cache-2000rps,14,zta-cache,2000,linear,6.025667069454394,11.4769873989865,55.108654953917046,55.23828125,,,
s05-zta-cache-2000rps,15,zta-cache,2000,linear,5.747669135836472,9.135082454207854,55.48210685483871,55.71651785714285,,,
s05-zta-cache-2000rps,16,zta-cache,2000,linear,5.822935036685061,11.340748675708465,56.072220622119815,56.121651785714285,,,
s05-zta-cache-2000rps,17,zta-cache,2000,linear,5.623539078265726,11.46500272937238,55.63216445852534,55.69140625,,,
s05-zta-cache-2000rps,18,zta-cache,2000,linear,6.82945637037015,11.45802433896583,56.27734375,56.332589285714285,,,
s05-zta-cache-2000rps,19,zta-cache,2000,linear,5.84827689009103,9.178400678401704,55.504842309907836,55.637276785714285,,,
s05-zta-cache-2000rps,2,zta-cache,2000,linear,6.338647073150447,9.427141440613552,53.07123055875576,53.31584821428572,,,
s05-zta-cache-2000rps,20,zta-cache,2000,linear,6.427622305037175,11.359744335973556,56.28528225806452,56.412388392857146,,,
s05-zta-cache-2000rps,21,zta-cache,2000,linear,6.652556958160466,15.12941018344196,55.89879752304147,55.91741071428572,,,
s05-zta-cache-2000rps,22,zta-cache,2000,linear,5.331533719794596,9.07978263904429,56.274175547235025,56.31529017857143,,,
s05-zta-cache-2000rps,23,zta-cache,2000,linear,5.658408164986075,11.328326828860776,56.568890408986185,56.62779017857143,,,
s05-zta-cache-2000rps,24,zta-cache,2000,linear,6.030539238717565,9.178937580706735,56.77520161290322,57.09654017857143,,,
s05-zta-cache-2000rps,25,zta-cache,2000,linear,5.7619613184841345,9.173750202865392,56.877664170506904,56.92578125,,,
s05-zta-cache-2000rps,26,zta-cache,2000,linear,6.056648533854023,9.217054095311468,56.24954997119816,56.275669642857146,,,
s05-zta-cache-2000rps,27,zta-cache,2000,linear,6.034231789192422,9.228578654783815,56.423585109447,56.49720982142857,,,
s05-zta-cache-2000rps,28,zta-cache,2000,linear,6.0545925196425365,11.438688205924713,56.30868375576036,56.414620535714285,,,
s05-zta-cache-2000rps,29,zta-cache,2000,linear,6.0721148373816805,11.28091060267774,56.73459101382488,56.82589285714285,,,
s05-zta-cache-2000rps,3,zta-cache,2000,linear,6.322762688400006,9.431537106101008,53.582715293778804,53.60881696428572,,,
s05-zta-cache-2000rps,30,zta-cache,2000,linear,5.442943109136949,9.0978335678274,56.72832661290322,56.74944196428572,,,
s05-zta-cache-2000rps,4,zta-cache,2000,linear,6.144842442902663,11.673092672820754,53.61796154953917,53.70089285714285,,,
s05-zta-cache-2000rps,5,zta-cache,2000,linear,6.1702572529147535,11.587650109838638,54.48298891129033,54.5390625,,,
s05-zta-cache-2000rps,6,zta-cache,2000,linear,5.989119936392817,11.70179790875986,54.843335973502306,54.869419642857146,,,
s05-zta-cache-2000rps,7,zta-cache,2000,linear,5.892658343990837,9.40945160886474,55.01722710253457,55.066964285714285,,,
s05-zta-cache-2000rps,8,zta-cache,2000,linear,5.838585736574682,9.319348265024091,54.855018721198164,55.03069196428572,,,
s05-zta-cache-2000rps,9,zta-cache,2000,linear,6.240617358347515,9.283525483571031,55.21316964285713,55.258370535714285,,,
s06-zta-cache-5000rps,1,zta-cache,5000,linear,10.809803948803912,18.28219768599516,54.07988911290322,54.305245535714285,,,
s06-zta-cache-5000rps,10,zta-cache,5000,linear,11.175376697806556,20.25692100049771,56.08338133640554,56.220982142857146,,,
s06-zta-cache-5000rps,11,zta-cache,5000,linear,10.916604008680086,17.32790440315006,56.20870535714286,56.441964285714285,,,
s06-zta-cache-5000rps,12,zta-cache,5000,linear,12.636593651265063,21.934354172602934,55.9729982718894,56.142857142857146,,,
s06-zta-cache-5000rps,13,zta-cache,5000,linear,12.300010527062451,28.72800364591984,55.99827188940091,56.26841517857143,,,
s06-zta-cache-5000rps,14,zta-cache,5000,linear,12.048895231641664,21.97996630014499,56.38362255184331,56.666294642857146,,,
s06-zta-cache-5000rps,15,zta-cache,5000,linear,12.277485065516727,28.652964321297496,56.26119671658986,56.46261160714285,,,
s06-zta-cache-5000rps,16,zta-cache,5000,linear,10.820044894175185,17.604676469781737,56.522303427419345,56.738839285714285,,,
s06-zta-cache-5000rps,17,zta-cache,5000,linear,11.897605681376119,18.16655358639796,56.656213997695836,56.86272321428572,,,
s06-zta-cache-5000rps,18,zta-cache,5000,linear,10.733503645276217,17.527962569740716,56.425673243087566,56.654575892857146,,,
s06-zta-cache-5000rps,19,zta-cache,5000,linear,11.579938054257182,21.79011801760359,56.731386808755765,57.02287946428572,,,
s06-zta-cache-5000rps,2,zta-cache,5000,linear,11.877478866175931,22.761191810993868,54.541240639400925,54.73214285714285,,,
s06-zta-cache-5000rps,20,zta-cache,5000,linear,11.80348235540099,22.094457531407155,56.68307171658987,56.87220982142857,,,
s06-zta-cache-5000rps,21,zta-cache,5000,linear,11.543521641069175,21.42593467471991,57.17592525921659,57.31584821428572,,,
s06-zta-cache-5000rps,22,zta-cache,5000,linear,10.626731986737926,22.19773754456291,57.177779377880185,57.36104910714285,,,
s06-zta-cache-5000rps,23,zta-cache,5000,linear,10.328967273371616,17.016497231821788,57.0615459389401,57.33370535714285,,,
s06-zta-cache-5000rps,24,zta-cache,5000,linear,12.113874512493359,21.891633493425136,57.45204493087559,57.70703125,,,
s06-zta-cache-5000rps,25,zta-cache,5000,linear,10.956087796057954,22.36117964563181,57.81808035714287,58.04408482142857,,,
s06-zta-cache-5000rps,26,zta-cache,5000,linear,11.93160670320825,17.84118336577593,57.5931199596774,57.74944196428572,,,
s06-zta-cache-5000rps,27,zta-cache,5000,linear,11.562117979580064,28.138165775400186,57.479748703917046,57.77901785714285,,,
s06-zta-cache-5000rps,28,zta-cache,5000,linear,11.00268186862075,21.11107881707189,57.45202692972351,57.688058035714285,,,
s06-zta-cache-5000rps,29,zta-cache,5000,linear,10.608505893536877,17.454401553651284,57.11198516705068,57.41015625,,,
s06-zta-cache-5000rps,3,zta-cache,5000,linear,12.095404445282512,22.468832552938004,54.55870175691245,54.72154017857143,,,
s06-zta-cache-5000rps,30,zta-cache,5000,linear,12.345977812556525,22.052562469409192,57.49737183179723,57.69419642857143,,,
s06-zta-cache-5000rps,4,zta-cache,5000,linear,10.918891956669524,18.142343422684377,54.99395161290323,55.34765625,,,
s06-zta-cache-5000rps,5,zta-cache,5000,linear,11.112645730873847,18.13020753845404,55.29935915898618,55.51729910714285,,,
s06-zta-cache-5000rps,6,zta-cache,5000,linear,11.513239350163001,18.02247069613664,55.900939660138256,56.09151785714285,,,
s06-zta-cache-5000rps,7,zta-cache,5000,linear,12.049502353870674,17.51849295239613,55.75799251152074,55.95089285714285,,,
s06-zta-cache-5000rps,8,zta-cache,5000,linear,10.100301462181637,17.438882054086243,55.43296370967742,55.73325892857143,,,
s06-zta-cache-5000rps,9,zta-cache,5000,linear,10.909933987793421,22.17143369963202,56.30223934331797,56.47767857142857,,,
s09-revocation-test,1,zta-cache,500,linear,1.7909925003061893,3.375229103537408,53.96336765552996,54.06361607142857,,,
s09-revocation-test,10,zta-cache,500,linear,1.7903284689792065,4.403992918902861,55.73666114631336,55.78236607142857,,,
s09-revocation-test,11,zta-cache,500,linear,1.7036923912803965,2.741180690252703,55.72973070276498,55.75390625,,,
s09-revocation-test,12,zta-cache,500,linear,1.8235429673045513,2.6786549778498308,55.54696500576038,55.685825892857146,,,
s09-revocation-test,13,zta-cache,500,linear,1.836176202937457,2.6678070984159343,56.02467957949308,56.076450892857146,,,
s09-revocation-test,14,zta-cache,500,linear,1.5428816114989656,2.6609125319625453,56.53828845046083,56.58984375,,,
s09-revocation-test,15,zta-cache,500,linear,1.7581554330844462,2.683974421371284,56.151875720046085,56.18359375,,,
s09-revocation-test,16,zta-cache,500,linear,1.7933317069505565,3.3003298915713923,56.29422883064516,56.31417410714285,,,
s09-revocation-test,17,zta-cache,500,linear,1.9221798525152953,3.2942746030931587,56.168598790322584,56.33984375,,,
s09-revocation-test,18,zta-cache,500,linear,1.6592547913066453,3.2918873774765163,56.334551411290306,56.35881696428572,,,
s09-revocation-test,19,zta-cache,500,linear,1.8787095209033766,2.6824950364629414,56.27269945276497,56.563058035714285,,,
s09-revocation-test,2,zta-cache,500,linear,1.5715608870079942,2.759180850149506,54.06231998847926,54.12276785714285,,,
s09-revocation-test,20,zta-cache,500,linear,1.8289830869740664,2.679465655274605,56.48358294930876,56.51729910714285,,,
s09-revocation-test,21,zta-cache,500,linear,1.6235303152685743,2.2395995050363817,56.5264616935484,56.63392857142857,,,
s09-revocation-test,22,zta-cache,500,linear,1.6056719158936146,2.629206170526496,56.71754392281106,56.77455357142857,,,
s09-revocation-test,23,zta-cache,500,linear,1.839811091553237,2.673308895807506,56.586963565668185,56.66294642857143,,,
s09-revocation-test,24,zta-cache,500,linear,1.768509594236302,2.6450324536867527,56.934277793778804,56.96651785714285,,,
s09-revocation-test,25,zta-cache,500,linear,1.8449370437213046,3.300656888432027,57.333273329493075,57.38225446428572,,,
s09-revocation-test,26,zta-cache,500,linear,1.6241007924524609,2.6572906172745605,56.91964285714285,57.086495535714285,,,
s09-revocation-test,27,zta-cache,500,linear,1.742451360564112,2.6505520199782384,57.086621543778804,57.109375,,,
s09-revocation-test,28,zta-cache,500,linear,1.8497467038458928,2.630236818329464,56.88491863479262,57.04185267857143,,,
s09-revocation-test,29,zta-cache,500,linear,1.870691413140744,3.2490004989168693,57.288144441244235,57.32756696428572,,,
s09-revocation-test,3,zta-cache,500,linear,1.8249567062275225,4.444230788354169,54.37166978686637,54.39229910714285,,,
s09-revocation-test,30,zta-cache,500,linear,1.6510073758311332,2.675765695942017,57.266057027649765,57.28069196428572,,,
s09-revocation-test,4,zta-cache,500,linear,1.785286425061979,3.359776947031817,54.18559187788018,54.449776785714285,,,
s09-revocation-test,5,zta-cache,500,linear,1.844094592651678,2.7023347671830846,55.54601094470045,55.609375,,,
s09-revocation-test,6,zta-cache,500,linear,1.8151942827679113,2.755731547322544,55.2902325748848,55.344308035714285,,,
s09-revocation-test,7,zta-cache,500,linear,1.8768617620428871,2.722478149739864,55.285012240783416,55.73325892857143,,,
s09-revocation-test,8,zta-cache,500,linear,1.7687358610794426,2.705108704650171,55.697418634792626,55.748325892857146,,,
s09-revocation-test,9,zta-cache,500,linear,1.4261815707633478,2.715546869110374,55.60327260944701,55.62444196428572,,,
s07-zta-cache-fanout,1,zta-cache,2000,fan-out,10.452181393547365,18.49368532640708,61.03848646313363,61.38839285714285,,,
s07-zta-cache-fanout,10,zta-cache,2000,fan-out,10.572797558955434,21.22752767889909,62.02829781105991,62.209263392857146,,,
s07-zta-cache-fanout,11,zta-cache,2000,fan-out,11.069667372877259,18.577001372108366,62.07844902073734,62.24944196428572,,,
s07-zta-cache-fanout,12,zta-cache,2000,fan-out,10.850710190070009,16.039931337464388,62.06147393433179,62.184151785714285,,,
s07-zta-cache-fanout,13,zta-cache,2000,fan-out,10.029657204310952,16.11064945508368,62.08550547235023,62.330357142857146,,,
s07-zta-cache-fanout,14,zta-cache,2000,fan-out,10.862913006545272,19.036663276601644,62.057441676267274,62.2265625,,,
s07-zta-cache-fanout,15,zta-cache,2000,fan-out,10.144625403012254,18.82791690475408,62.06161794354838,62.231026785714285,,,
s07-zta-cache-fanout,16,zta-cache,2000,fan-out,10.537944974020743,16.147596568499083,62.07940308179723,62.55412946428572,,,
s07-zta-cache-fanout,17,zta-cache,2000,fan-out,10.443253093445954,21.88046691719732,62.05713565668203,62.220982142857146,,,
s07-zta-cache-fanout,18,zta-cache,2000,fan-out,12.204909012306691,23.38677386137828,62.04419282834101,62.33203125,,,
s07-zta-cache-fanout,19,zta-cache,2000,fan-out,10.131836017095441,16.27300940685051,62.05394945276497,62.23381696428572,,,
s07-zta-cache-fanout,2,zta-cache,2000,fan-out,9.565814988830097,16.347897794329246,61.44057819700462,61.568638392857146,,,
s07-zta-cache-fanout,20,zta-cache,2000,fan-out,9.898727355383558,16.376047787498653,62.09054579493088,62.29799107142857,,,
s07-zta-cache-fanout,21,zta-cache,2000,fan-out,9.094915908392453,15.669960579501518,62.054831509216605,62.1953125,,,
s07-zta-cache-fanout,22,zta-cache,2000,fan-out,11.199335096611003,18.649124316119643,62.06424611175117,62.26953125,,,
s07-zta-cache-fanout,23,zta-cache,2000,fan-out,10.268642909474043,16.42322272530694,62.058683755760356,62.260044642857146,,,
s07-zta-cache-fanout,24,zta-cache,2000,fan-out,10.055573389253404,18.801918517041912,62.105378744239644,62.26729910714285,,,
s07-zta-cache-fanout,25,zta-cache,2000,fan-out,10.559044740522626,16.50426366761158,62.08318332373272,62.20033482142857,,,
s07-zta-cache-fanout,26,zta-cache,2000,fan-out,10.410013233026186,22.37698448471101,62.140282978110605,62.28515625,,,
s07-zta-cache-fanout,27,zta-cache,2000,fan-out,9.660631992286607,13.851787556117367,62.09367799539171,62.238839285714285,,,
s07-zta-cache-fanout,28,zta-cache,2000,fan-out,9.670110821816541,17.98879238033784,62.08134720622121,62.19921875,,,
s07-zta-cache-fanout,29,zta-cache,2000,fan-out,11.019807882548706,15.08705952524046,62.09738623271889,62.25390625,,,
s07-zta-cache-fanout,3,zta-cache,2000,fan-out,9.548203626425106,17.6354935344308,61.494905673963125,61.69642857142857,,,
s07-zta-cache-fanout,30,zta-cache,2000,fan-out,11.862809371940088,25.498086058703063,62.09812427995392,62.2109375,,,
s07-zta-cache-fanout,4,zta-cache,2000,fan-out,9.228569671517754,16.280921786704354,61.46297163018433,61.64229910714285,,,
s07-zta-cache-fanout,5,zta-cache,2000,fan-out,9.929460733919669,16.072278450445193,61.48383496543778,61.64006696428572,,,
s07-zta-cache-fanout,6,zta-cache,2000,fan-out,9.55613672002622,16.752616036369268,61.90997623847926,62.08314732142857,,,
s07-zta-cache-fanout,7,zta-cache,2000,fan-out,9.453782080118879,24.958928867555095,62.07070852534562,62.31138392857143,,,
s07-zta-cache-fanout,8,zta-cache,2000,fan-out,11.034440573270942,17.59510317638783,62.05780169930877,62.24330357142857,,,
s07-zta-cache-fanout,9,zta-cache,2000,fan-out,11.048279727453304,22.88130095978832,62.086171514976954,62.31417410714285,,,
s08-zta-cache-mesh,1,zta-cache,2000,mesh,8.91073878773745,14.998450705788857,61.9269513248848,62.01450892857143,,,
s08-zta-cache-mesh,10,zta-cache,2000,mesh,9.282897291898458,14.960063842156035,61.45989343317973,61.537388392857146,,,
s08-zta-cache-mesh,11,zta-cache,2000,mesh,8.015800937343247,14.852868109079251,61.440740207373274,61.5078125,,,
s08-zta-cache-mesh,12,zta-cache,2000,mesh,8.451945757686092,18.88712425204726,61.44572652649769,61.53404017857143,,,
s08-zta-cache-mesh,13,zta-cache,2000,mesh,8.662400611265289,15.182343409222446,61.436473934331794,61.53069196428572,,,
s08-zta-cache-mesh,14,zta-cache,2000,mesh,9.65289115936581,35.47324160735816,61.438238047235025,61.50558035714285,,,
s08-zta-cache-mesh,15,zta-cache,2000,mesh,9.45015509189827,15.22068407874827,61.43931811635945,61.49107142857143,,,
s08-zta-cache-mesh,16,zta-cache,2000,mesh,8.928648677253602,15.53012837908963,61.42943548387097,61.5234375,,,
s08-zta-cache-mesh,17,zta-cache,2000,mesh,9.642448446098912,18.47105190943249,61.453449020737324,61.521763392857146,,,
s08-zta-cache-mesh,18,zta-cache,2000,mesh,8.153434904079786,16.19178288030532,61.43622191820276,61.512276785714285,,,
s08-zta-cache-mesh,19,zta-cache,2000,mesh,8.995846564827739,19.592354550548453,61.443260368663594,61.513950892857146,,,
s08-zta-cache-mesh,2,zta-cache,2000,mesh,8.358657657252468,15.65186256620985,61.93083957373271,61.994419642857146,,,
s08-zta-cache-mesh,20,zta-cache,2000,mesh,8.700031061251872,14.658826161956782,61.441064228110605,61.52064732142857,,,
s08-zta-cache-mesh,21,zta-cache,2000,mesh,10.240326925515662,14.958066696297026,61.45008280529955,61.53404017857143,,,
s08-zta-cache-mesh,22,zta-cache,2000,mesh,9.568696150934167,18.097888658799256,61.448210685483865,61.58203125,,,
s08-zta-cache-mesh,23,zta-cache,2000,mesh,9.447348331515661,18.669753351390657,61.44749063940092,61.56584821428572,,,
s08-zta-cache-mesh,24,zta-cache,2000,mesh,8.746645800988478,18.56936835978369,61.449956797235025,61.53292410714285,,,
s08-zta-cache-mesh,25,zta-cache,2000,mesh,8.756556063092814,18.040596196355786,61.44504248271888,61.5,,,
s08-zta-cache-mesh,26,zta-cache,2000,mesh,9.790683611742889,18.89884084929042,61.448696716589865,61.520089285714285,,,
s08-zta-cache-mesh,27,zta-cache,2000,mesh,9.686953928183023,17.603405547025584,61.44731062788018,61.53515625,,,
s08-zta-cache-mesh,28,zta-cache,2000,mesh,8.756298228168587,18.56503156373608,61.45186491935484,61.51171875,,,
s08-zta-cache-mesh,29,zta-cache,2000,mesh,8.132366704755556,13.364293855912868,61.44813868087559,61.53404017857143,,,
s08-zta-cache-mesh,3,zta-cache,2000,mesh,8.36162770415996,15.346323422887082,61.89183107718894,61.965401785714285,,,
s08-zta-cache-mesh,30,zta-cache,2000,mesh,9.990971275560577,18.11445893747372,61.445960541474655,61.54241071428572,,,
s08-zta-cache-mesh,4,zta-cache,2000,mesh,9.356709991617882,15.644450302426035,61.90174971198156,61.95703125,,,
s08-zta-cache-mesh,5,zta-cache,2000,mesh,8.719568107618601,24.952426122547163,61.90841013824885,61.98214285714285,,,
s08-zta-cache-mesh,6,zta-cache,2000,mesh,8.1844543552753,15.442934753364824,61.94158626152073,62.05747767857143,,,
s08-zta-cache-mesh,7,zta-cache,2000,mesh,8.519035548079136,14.684415847407609,61.89433323732718,61.994419642857146,,,
s08-zta-cache-mesh,8,zta-cache,2000,mesh,9.091185669599453,16.919392555406464,61.517551123271886,61.87109375,,,
s08-zta-cache-mesh,9,zta-cache,2000,mesh,8.746797584518644,15.432920898123191,61.457103254608285,61.560825892857146,,,
s10-ttl-comparison,1,zta-cache-static,2000,fan-out,12.709516963947351,20.506903116000945,63.84931535618278,64.07877604166667,,,
s10-ttl-comparison,10,zta-cache-static,2000,fan-out,11.451367302449702,18.56053452511011,67.35536374327957,67.70377604166667,,,
s10-ttl-comparison,11,zta-cache-static,2000,fan-out,10.080652200445922,25.218908892504523,67.6302713373656,67.873046875,,,
s10-ttl-comparison,12,zta-cache-static,2000,fan-out,12.148176413583641,25.8805967073072,67.5438718077957,67.68684895833333,,,
s10-ttl-comparison,13,zta-cache-static,2000,fan-out,11.566054140006397,22.878608109008667,67.3476772513441,67.623046875,,,
s10-ttl-comparison,14,zta-cache-static,2000,fan-out,12.624258058890586,25.773772924922984,67.34232190860214,67.58658854166667,,,
s10-ttl-comparison,15,zta-cache-static,2000,fan-out,10.958115277959733,19.427255449213632,67.33755460349462,67.6015625,,,
s10-ttl-comparison,16,zta-cache-static,2000,fan-out,12.715301611271354,24.69111079472588,67.33686155913978,67.55533854166667,,,
s10-ttl-comparison,17,zta-cache-static,2000,fan-out,12.297034803751721,21.75174469834939,67.36620043682795,67.484375,,,
s10-ttl-comparison,18,zta-cache-static,2000,fan-out,10.64995312468971,20.00142752138802,67.34551411290323,67.68684895833333,,,
s10-ttl-comparison,19,zta-cache-static,2000,fan-out,12.748755862646181,21.14367920114166,67.39293514784949,67.66536458333333,,,
s10-ttl-comparison,2,zta-cache-static,2000,fan-out,12.247388822336625,20.208208438728384,63.89801747311827,64.10091145833333,,,
s10-ttl-comparison,20,zta-cache-static,2000,fan-out,9.400010039444659,17.30379033788102,67.36353326612904,67.46809895833333,,,
s10-ttl-comparison,21,zta-cache-static,2000,fan-out,10.516219393622057,19.976520992493512,67.37798219086022,67.63541666666667,,,
s10-ttl-comparison,22,zta-cache-static,2000,fan-out,11.899177093951954,20.004772798383254,67.39709341397848,67.654296875,,,
s10-ttl-comparison,23,zta-cache-static,2000,fan-out,12.899919031030382,18.6972157256114,67.39314516129032,67.66341145833333,,,
s10-ttl-comparison,24,zta-cache-static,2000,fan-out,11.220709159733472,26.34271705853924,67.34095682123655,67.47395833333333,,,
s10-ttl-comparison,25,zta-cache-static,2000,fan-out,13.682651300021693,23.549367643198497,67.36166414650539,67.69401041666667,,,
s10-ttl-comparison,26,zta-cache-static,2000,fan-out,11.82342631652803,20.34359926573768,67.36958165322581,67.55794270833333,,,
s10-ttl-comparison,27,zta-cache-static,2000,fan-out,11.26567768829159,19.51158707609017,67.34339297715054,67.58658854166667,,,
s10-ttl-comparison,28,zta-cache-static,2000,fan-out,11.51028122400936,19.516649946413544,67.380859375,67.640625,,,
s10-ttl-comparison,29,zta-cache-static,2000,fan-out,11.613656661961521,20.955558969454405,72.65093665994621,73.181640625,,,
s10-ttl-comparison,3,zta-cache-static,2000,fan-out,12.388336112434022,20.84066009580524,64.10782090053763,64.337890625,,,
s10-ttl-comparison,30,zta-cache-static,2000,fan-out,12.473421556784578,21.896372719492625,72.97500840053765,73.11067708333333,,,
s10-ttl-comparison,4,zta-cache-static,2000,fan-out,11.954888352082465,20.40921029125029,64.24311155913978,64.46028645833333,,,
s10-ttl-comparison,5,zta-cache-static,2000,fan-out,10.846713459394959,20.803917528193224,64.25357022849461,64.423828125,,,
s10-ttl-comparison,6,zta-cache-static,2000,fan-out,12.310490918417324,22.37558734965991,64.2647219422043,64.61653645833333,,,
s10-ttl-comparison,7,zta-cache-static,2000,fan-out,10.306013927961676,16.744830308909954,64.23191784274192,64.36458333333333,,,
s10-ttl-comparison,8,zta-cache-static,2000,fan-out,12.53656393543103,19.79828382480454,64.24684979838709,64.451171875,,,
s10-ttl-comparison,9,zta-cache-static,2000,fan-out,11.385756025566184,19.732239995352977,64.24063340053763,64.40104166666667,,,
