scenario_id,repetition,p99_ms,mean_ms,total_requests,error_rate_pct,revocations_triggered,revocation_fail_count,revocation_latency_ms
s09-revocation-test,1,4.129100799999981,0.9224978290856909,150005,0.0073,11.0,11.0,4.129100799999981
s09-revocation-test,10,4.24281688,0.9326152650529311,150004,0.0073,11.0,11.0,4.24281688
s09-revocation-test,11,4.208644559999986,0.9371860699110008,150005,0.0073,11.0,11.0,4.208644559999986
s09-revocation-test,12,4.1590533599999935,0.9346460777907399,150005,0.0073,11.0,11.0,4.1590533599999935
s09-revocation-test,13,4.334605,0.9407154651235553,150001,0.0067,10.0,10.0,4.334605
s09-revocation-test,14,4.135777949999993,0.9286313229023619,150002,0.0073,11.0,11.0,4.135777949999993
s09-revocation-test,15,4.25344316000001,0.9369245839349826,150003,0.0073,11.0,11.0,4.25344316000001
s09-revocation-test,16,4.177768759999997,0.938975609839675,150005,0.0073,11.0,11.0,4.177768759999997
s09-revocation-test,17,4.29005394,0.9401957633780503,150003,0.0073,11.0,11.0,4.29005394
s09-revocation-test,18,4.425547679999988,0.9465413325755568,150005,0.0073,11.0,11.0,4.425547679999988
s09-revocation-test,19,4.275257920000001,0.9409231549358642,150004,0.0067,10.0,10.0,4.275257920000001
s09-revocation-test,2,4.088578319999996,0.9174448377120783,150005,0.0067,10.0,10.0,4.088578319999996
s09-revocation-test,20,4.170533580000001,0.9386032862056977,150004,0.0073,11.0,11.0,4.170533580000001
s09-revocation-test,21,4.138258,0.932043164358893,150001,0.0073,11.0,11.0,4.138258
s09-revocation-test,22,4.267069980000009,0.9427965232961898,150003,0.0067,10.0,10.0,4.267069980000009
s09-revocation-test,23,4.368342660000001,0.9537136663822374,150004,0.0073,11.0,11.0,4.368342660000001
s09-revocation-test,24,4.365991530000001,0.9468130732513834,150004,0.0073,11.0,11.0,4.365991530000001
s09-revocation-test,25,4.449708969999992,0.9564784959800458,150002,0.0073,11.0,11.0,4.449708969999992
s09-revocation-test,26,4.069597879999996,0.9337556833772209,150005,0.0073,11.0,11.0,4.069597879999996
s09-revocation-test,27,4.241828,0.9377259495603336,150001,0.0073,11.0,11.0,4.241828
s09-revocation-test,28,4.1878091400000015,0.937586790130863,150003,0.0067,10.0,10.0,4.1878091400000015
s09-revocation-test,29,4.13450791,0.9314173672502106,150004,0.0067,10.0,10.0,4.13450791
s09-revocation-test,3,4.468130239999992,0.9340518218788231,149999,0.0067,10.0,10.0,4.468130239999992
s09-revocation-test,30,4.427636740000016,0.9559625987413729,150003,0.0073,11.0,11.0,4.427636740000016
s09-revocation-test,4,4.4560003,0.9364585232723948,150006,0.0073,11.0,11.0,4.4560003
s09-revocation-test,5,4.274766,0.9293128194878626,150001,0.0073,11.0,11.0,4.274766
s09-revocation-test,6,4.277050370000001,0.9330567277339474,150004,0.0073,11.0,11.0,4.277050370000001
s09-revocation-test,7,4.238296360000015,0.9422321751498295,150003,0.0067,10.0,10.0,4.238296360000015
s09-revocation-test,8,4.242925280000002,0.9342597284738874,150004,0.0073,11.0,11.0,4.242925280000002
s09-revocation-test,9,4.344727870000001,0.9392733606237016,150004,0.0073,11.0,11.0,4.344727870000001
